[
{
  "model": "contenttypes.contenttype",
  "fields": {
    "app_label": "admin",
    "model": "logentry"
  }
},
{
  "model": "contenttypes.contenttype",
  "fields": {
    "app_label": "auth",
    "model": "permission"
  }
},
{
  "model": "contenttypes.contenttype",
  "fields": {
    "app_label": "auth",
    "model": "group"
  }
},
{
  "model": "contenttypes.contenttype",
  "fields": {
    "app_label": "contenttypes",
    "model": "contenttype"
  }
},
{
  "model": "contenttypes.contenttype",
  "fields": {
    "app_label": "sessions",
    "model": "session"
  }
},
{
  "model": "contenttypes.contenttype",
  "fields": {
    "app_label": "support",
    "model": "supportmessage"
  }
},
{
  "model": "contenttypes.contenttype",
  "fields": {
    "app_label": "sites",
    "model": "site"
  }
},
{
  "model": "contenttypes.contenttype",
  "fields": {
    "app_label": "account",
    "model": "emailaddress"
  }
},
{
  "model": "contenttypes.contenttype",
  "fields": {
    "app_label": "account",
    "model": "emailconfirmation"
  }
},
{
  "model": "contenttypes.contenttype",
  "fields": {
    "app_label": "socialaccount",
    "model": "socialaccount"
  }
},
{
  "model": "contenttypes.contenttype",
  "fields": {
    "app_label": "socialaccount",
    "model": "socialapp"
  }
},
{
  "model": "contenttypes.contenttype",
  "fields": {
    "app_label": "socialaccount",
    "model": "socialtoken"
  }
},
{
  "model": "contenttypes.contenttype",
  "fields": {
    "app_label": "accounts",
    "model": "customuser"
  }
},
{
  "model": "contenttypes.contenttype",
  "fields": {
    "app_label": "membership",
    "model": "membershipplan"
  }
},
{
  "model": "contenttypes.contenttype",
  "fields": {
    "app_label": "membership",
    "model": "usermembership"
  }
},
{
  "model": "contenttypes.contenttype",
  "fields": {
    "app_label": "payments",
    "model": "bankaccount"
  }
},
{
  "model": "contenttypes.contenttype",
  "fields": {
    "app_label": "payments",
    "model": "payment"
  }
},
{
  "model": "contenttypes.contenttype",
  "fields": {
    "app_label": "workouts",
    "model": "workoutcategory"
  }
},
{
  "model": "contenttypes.contenttype",
  "fields": {
    "app_label": "workouts",
    "model": "exercise"
  }
},
{
  "model": "contenttypes.contenttype",
  "fields": {
    "app_label": "workouts",
    "model": "workoutplan"
  }
},
{
  "model": "contenttypes.contenttype",
  "fields": {
    "app_label": "workouts",
    "model": "workoutplanexercise"
  }
},
{
  "model": "contenttypes.contenttype",
  "fields": {
    "app_label": "workouts",
    "model": "userworkoutprogress"
  }
},
{
  "model": "contenttypes.contenttype",
  "fields": {
    "app_label": "diet",
    "model": "dietcategory"
  }
},
{
  "model": "contenttypes.contenttype",
  "fields": {
    "app_label": "diet",
    "model": "meal"
  }
},
{
  "model": "contenttypes.contenttype",
  "fields": {
    "app_label": "diet",
    "model": "dietplan"
  }
},
{
  "model": "contenttypes.contenttype",
  "fields": {
    "app_label": "diet",
    "model": "userdietprogress"
  }
},
{
  "model": "contenttypes.contenttype",
  "fields": {
    "app_label": "tracking",
    "model": "userfitnessgoal"
  }
},
{
  "model": "contenttypes.contenttype",
  "fields": {
    "app_label": "tracking",
    "model": "workoutlog"
  }
},
{
  "model": "contenttypes.contenttype",
  "fields": {
    "app_label": "tracking",
    "model": "fitnessprogress"
  }
},
{
  "model": "contenttypes.contenttype",
  "fields": {
    "app_label": "trainers",
    "model": "trainer"
  }
},
{
  "model": "contenttypes.contenttype",
  "fields": {
    "app_label": "trainers",
    "model": "trainersession"
  }
},
{
  "model": "contenttypes.contenttype",
  "fields": {
    "app_label": "trainers",
    "model": "trainerreview"
  }
},
{
  "model": "contenttypes.contenttype",
  "fields": {
    "app_label": "notifications",
    "model": "emaillog"
  }
},
{
  "model": "contenttypes.contenttype",
  "fields": {
    "app_label": "notifications",
    "model": "notification"
  }
},
{
  "model": "contenttypes.contenttype",
  "fields": {
    "app_label": "notifications",
    "model": "newslettersubscriber"
  }
},
{
  "model": "contenttypes.contenttype",
  "fields": {
    "app_label": "admin_dashboard",
    "model": "auditlog"
  }
},
{
  "model": "contenttypes.contenttype",
  "fields": {
    "app_label": "achievements",
    "model": "badge"
  }
},
{
  "model": "contenttypes.contenttype",
  "fields": {
    "app_label": "achievements",
    "model": "userprogress"
  }
},
{
  "model": "contenttypes.contenttype",
  "fields": {
    "app_label": "achievements",
    "model": "userachievement"
  }
},
{
  "model": "sites.site",
  "fields": {
    "domain": "example.com",
    "name": "example.com"
  }
},
{
  "model": "socialaccount.socialapp",
  "pk": 4,
  "fields": {
    "provider": "google",
    "provider_id": "",
    "name": "Google (OAuth)",
    "client_id": "PLACEHOLDER_GOOGLE_CLIENT_ID",
    "secret": "PLACEHOLDER_GOOGLE_SECRET",
    "key": "",
    "settings": {},
    "sites": [
      [
        "example.com"
      ]
    ]
  }
},
{
  "model": "socialaccount.socialapp",
  "pk": 5,
  "fields": {
    "provider": "facebook",
    "provider_id": "",
    "name": "Facebook (OAuth)",
    "client_id": "PLACEHOLDER_FACEBOOK_CLIENT_ID",
    "secret": "PLACEHOLDER_FACEBOOK_SECRET",
    "key": "",
    "settings": {},
    "sites": [
      [
        "example.com"
      ]
    ]
  }
},
{
  "model": "socialaccount.socialapp",
  "pk": 6,
  "fields": {
    "provider": "apple",
    "provider_id": "",
    "name": "Apple (OAuth)",
    "client_id": "PLACEHOLDER_APPLE_CLIENT_ID",
    "secret": "PLACEHOLDER_APPLE_SECRET",
    "key": "",
    "settings": {},
    "sites": [
      [
        "example.com"
      ]
    ]
  }
},
{
  "model": "membership.membershipplan",
  "pk": 4,
  "fields": {
    "name": "Basic Plan",
    "plan_type": "basic",
    "duration": "monthly",
    "price": "1.00",
    "features": [
      "Basic Workout Plans",
      "Basic Diet Plans",
      "Progress Tracking",
      "BMI Calculator",
      "Email Support",
      "Community Access"
    ],
    "description": "Perfect for beginners starting their fitness journey",
    "workout_plan_included": true,
    "diet_plan_included": true,
    "personal_trainer": false,
    "is_active": true,
    "is_popular": false,
    "created_at": "2026-06-01T12:45:05.749Z",
    "updated_at": "2026-06-21T05:08:38.669Z"
  }
},
{
  "model": "membership.membershipplan",
  "pk": 5,
  "fields": {
    "name": "Pro Plan",
    "plan_type": "pro",
    "duration": "monthly",
    "price": "2.00",
    "features": [
      "Advanced Workout Plans",
      "Advanced Diet Plans",
      "Video Tutorials",
      "Priority Support",
      "Workout Analytics",
      "Weekly Progress Reports"
    ],
    "description": "Best for regular gym-goers wanting advanced guidance",
    "workout_plan_included": true,
    "diet_plan_included": true,
    "personal_trainer": false,
    "is_active": true,
    "is_popular": true,
    "created_at": "2026-06-01T12:45:05.810Z",
    "updated_at": "2026-06-21T05:08:38.677Z"
  }
},
{
  "model": "membership.membershipplan",
  "pk": 6,
  "fields": {
    "name": "Premium Plan",
    "plan_type": "premium",
    "duration": "monthly",
    "price": "3.00",
    "features": [
      "Personal Trainer",
      "Custom Workout Plans",
      "Custom Diet Plans",
      "24/7 Priority Support",
      "Monthly Progress Call",
      "Free Gym Merchandise"
    ],
    "description": "Ultimate experience with personal trainer and custom plans",
    "workout_plan_included": true,
    "diet_plan_included": true,
    "personal_trainer": true,
    "is_active": true,
    "is_popular": false,
    "created_at": "2026-06-01T12:45:05.872Z",
    "updated_at": "2026-06-21T05:08:38.679Z"
  }
},
{
  "model": "payments.bankaccount",
  "pk": 1,
  "fields": {
    "account_holder_name": "Taqdees Khan Haji Khan Golandaz",
    "account_number": "9748972808",
    "confirm_account_number": "9748972808",
    "ifsc_code": "KKBK0001980",
    "bank_name": "Kotak Mahindra Bank",
    "branch_name": "MAHARANA PRATAP NAGAR",
    "upi_id": "8177845613@kotakbank",
    "account_type": "savings",
    "is_active": true,
    "is_verified": true,
    "pan_number": "",
    "gst_number": "",
    "created_at": "2026-06-01T13:27:15.934Z",
    "updated_at": "2026-06-01T13:27:15.934Z"
  }
},
{
  "model": "workouts.workoutcategory",
  "pk": 1,
  "fields": {
    "name": "Beginner",
    "description": "Perfect for those new to fitness. Focus on form and consistency.",
    "icon": "fas fa-seedling",
    "order": 1,
    "is_active": true
  }
},
{
  "model": "workouts.workoutcategory",
  "pk": 2,
  "fields": {
    "name": "Intermediate",
    "description": "For those with some fitness experience. Increase intensity.",
    "icon": "fas fa-chart-line",
    "order": 2,
    "is_active": true
  }
},
{
  "model": "workouts.workoutcategory",
  "pk": 3,
  "fields": {
    "name": "Advanced",
    "description": "Challenging workouts for experienced athletes.",
    "icon": "fas fa-fire",
    "order": 3,
    "is_active": true
  }
},
{
  "model": "workouts.exercise",
  "pk": 1,
  "fields": {
    "name": "Bodyweight Squats",
    "description": "Basic squat using body weight. Great for legs and glutes.",
    "body_part": "legs",
    "category": 1,
    "image": "",
    "video_url": "https://www.youtube.com/embed/BF9HvRv7YwE",
    "sets_reps": "3 sets of 12 reps",
    "duration_minutes": 10,
    "calories_burn": 80,
    "instructions": "Stand with feet shoulder-width apart. Lower hips back and down. Keep chest up. Return to starting position.",
    "tips": "Keep your back straight and knees behind toes.",
    "is_active": true,
    "created_at": "2026-06-12T23:41:35.151Z"
  }
},
{
  "model": "workouts.exercise",
  "pk": 2,
  "fields": {
    "name": "Push-Ups",
    "description": "Classic upper body exercise targeting chest, shoulders, and triceps.",
    "body_part": "chest",
    "category": 1,
    "image": "",
    "video_url": "https://www.youtube.com/embed/OD0U2r6B0Ig",
    "sets_reps": "3 sets of 8-10 reps",
    "duration_minutes": 10,
    "calories_burn": 90,
    "instructions": "Start in plank position. Lower body until chest nearly touches floor. Push back up.",
    "tips": "Keep body straight. Modify with knee push-ups if needed.",
    "is_active": true,
    "created_at": "2026-06-12T23:41:35.354Z"
  }
},
{
  "model": "workouts.exercise",
  "pk": 3,
  "fields": {
    "name": "Walking Lunges",
    "description": "Dynamic leg exercise for strength and balance.",
    "body_part": "legs",
    "category": 1,
    "image": "",
    "video_url": "https://www.youtube.com/embed/QOVaHvg-QVg",
    "sets_reps": "3 sets of 10 reps per leg",
    "duration_minutes": 12,
    "calories_burn": 100,
    "instructions": "Step forward with one leg. Lower hips until both knees bent. Push off to step forward.",
    "tips": "Keep front knee behind toes. Maintain upright posture.",
    "is_active": true,
    "created_at": "2026-06-12T23:41:35.386Z"
  }
},
{
  "model": "workouts.exercise",
  "pk": 4,
  "fields": {
    "name": "Plank",
    "description": "Core strengthening exercise.",
    "body_part": "full_body",
    "category": 1,
    "image": "",
    "video_url": "https://www.youtube.com/embed/pSHjTRCQxIw",
    "sets_reps": "3 sets of 30 seconds",
    "duration_minutes": 5,
    "calories_burn": 50,
    "instructions": "Hold push-up position with elbows on ground. Keep body straight.",
    "tips": "Squeeze glutes and core. Don't let hips sag.",
    "is_active": true,
    "created_at": "2026-06-12T23:41:35.386Z"
  }
},
{
  "model": "workouts.exercise",
  "pk": 5,
  "fields": {
    "name": "Jumping Jacks",
    "description": "Cardio exercise to get heart rate up.",
    "body_part": "cardio",
    "category": 1,
    "image": "",
    "video_url": "https://www.youtube.com/embed/c4DAnQ0iJmM",
    "sets_reps": "3 sets of 30 reps",
    "duration_minutes": 8,
    "calories_burn": 70,
    "instructions": "Jump feet out and arms up simultaneously. Jump back to start.",
    "tips": "Land softly on balls of feet.",
    "is_active": true,
    "created_at": "2026-06-12T23:41:35.401Z"
  }
},
{
  "model": "workouts.exercise",
  "pk": 6,
  "fields": {
    "name": "Pull-Ups",
    "description": "Advanced back and bicep exercise.",
    "body_part": "back",
    "category": 2,
    "image": "",
    "video_url": "https://www.youtube.com/embed/eGo4IYlbE5g",
    "sets_reps": "3 sets of 5-8 reps",
    "duration_minutes": 12,
    "calories_burn": 120,
    "instructions": "Hang from bar. Pull chest to bar. Lower with control.",
    "tips": "Use resistance bands if needed. Focus on form.",
    "is_active": true,
    "created_at": "2026-06-12T23:41:35.417Z"
  }
},
{
  "model": "workouts.exercise",
  "pk": 7,
  "fields": {
    "name": "Dumbbell Rows",
    "description": "Strength exercise for back muscles.",
    "body_part": "back",
    "category": 2,
    "image": "",
    "video_url": "https://www.youtube.com/embed/dH2aBN4hzrA",
    "sets_reps": "3 sets of 10 reps per arm",
    "duration_minutes": 12,
    "calories_burn": 100,
    "instructions": "Place knee and hand on bench. Pull weight to chest. Lower slowly.",
    "tips": "Keep back flat. Squeeze shoulder blade.",
    "is_active": true,
    "created_at": "2026-06-12T23:41:35.433Z"
  }
},
{
  "model": "workouts.exercise",
  "pk": 8,
  "fields": {
    "name": "Burpees",
    "description": "Full body cardio and strength exercise.",
    "body_part": "full_body",
    "category": 2,
    "image": "",
    "video_url": "https://www.youtube.com/embed/TU8QYVW0gDU",
    "sets_reps": "3 sets of 10 reps",
    "duration_minutes": 10,
    "calories_burn": 150,
    "instructions": "Drop to squat. Kick feet back. Do push-up. Jump up.",
    "tips": "Keep core tight. Land softly.",
    "is_active": true,
    "created_at": "2026-06-12T23:41:35.433Z"
  }
},
{
  "model": "workouts.exercise",
  "pk": 9,
  "fields": {
    "name": "Mountain Climbers",
    "description": "Dynamic core and cardio exercise.",
    "body_part": "cardio",
    "category": 2,
    "image": "",
    "video_url": "https://www.youtube.com/embed/nmwgirgXLYM",
    "sets_reps": "3 sets of 30 seconds",
    "duration_minutes": 8,
    "calories_burn": 100,
    "instructions": "Start in plank. Drive knees toward chest alternately.",
    "tips": "Keep hips down. Move quickly but controlled.",
    "is_active": true,
    "created_at": "2026-06-12T23:41:35.448Z"
  }
},
{
  "model": "workouts.exercise",
  "pk": 10,
  "fields": {
    "name": "Dips",
    "description": "Triceps and chest exercise.",
    "body_part": "triceps",
    "category": 2,
    "image": "",
    "video_url": "https://www.youtube.com/embed/2z8lSnHhBvE",
    "sets_reps": "3 sets of 8-10 reps",
    "duration_minutes": 10,
    "calories_burn": 90,
    "instructions": "Support body on bars. Lower body until elbows 90 degrees. Push up.",
    "tips": "Keep shoulders down. Don't lock elbows.",
    "is_active": true,
    "created_at": "2026-06-12T23:41:35.448Z"
  }
},
{
  "model": "workouts.exercise",
  "pk": 11,
  "fields": {
    "name": "Deadlifts",
    "description": "Compound exercise for posterior chain.",
    "body_part": "legs",
    "category": 3,
    "image": "",
    "video_url": "https://www.youtube.com/embed/op9kVnSso6Q",
    "sets_reps": "4 sets of 5 reps",
    "duration_minutes": 15,
    "calories_burn": 150,
    "instructions": "Hinge at hips. Keep back flat. Drive through heels.",
    "tips": "Keep bar close to body. Engage lats.",
    "is_active": true,
    "created_at": "2026-06-12T23:41:35.464Z"
  }
},
{
  "model": "workouts.exercise",
  "pk": 12,
  "fields": {
    "name": "Handstand Push-Ups",
    "description": "Advanced shoulder and triceps exercise.",
    "body_part": "shoulder",
    "category": 3,
    "image": "",
    "video_url": "https://www.youtube.com/embed/kEVwwUO1Hf4",
    "sets_reps": "3 sets of 5 reps",
    "duration_minutes": 12,
    "calories_burn": 130,
    "instructions": "Kick up to handstand. Lower head to ground. Push back up.",
    "tips": "Use wall for support. Progress slowly.",
    "is_active": true,
    "created_at": "2026-06-12T23:41:35.479Z"
  }
},
{
  "model": "workouts.exercise",
  "pk": 13,
  "fields": {
    "name": "Pistol Squats",
    "description": "Single-leg squat for balance and strength.",
    "body_part": "legs",
    "category": 3,
    "image": "",
    "video_url": "https://www.youtube.com/embed/sZfNXl8uDFs",
    "sets_reps": "3 sets of 5 reps per leg",
    "duration_minutes": 12,
    "calories_burn": 120,
    "instructions": "Stand on one leg. Squat while other leg extends forward.",
    "tips": "Use box for support. Focus on balance.",
    "is_active": true,
    "created_at": "2026-06-12T23:41:35.495Z"
  }
},
{
  "model": "workouts.exercise",
  "pk": 14,
  "fields": {
    "name": "Muscle-Ups",
    "description": "Advanced pull-up and dip combination.",
    "body_part": "back",
    "category": 3,
    "image": "",
    "video_url": "https://youtu.be/_iYvlSMgUGE?si=Ud_1ksTuoy3-N-Yt",
    "sets_reps": "3 sets of 3-5 reps",
    "duration_minutes": 15,
    "calories_burn": 140,
    "instructions": "Explosive pull-up to transition above bar. Press out to dip.",
    "tips": "Use false grip. Generate momentum from hips.",
    "is_active": true,
    "created_at": "2026-06-12T23:41:35.495Z"
  }
},
{
  "model": "workouts.exercise",
  "pk": 15,
  "fields": {
    "name": "Planche Push-ups",
    "description": "Advanced calisthenics exercise for upper body strength",
    "body_part": "full_body",
    "category": null,
    "image": "",
    "video_url": "https://www.youtube.com/embed/OD0U2r6B0Ig",
    "sets_reps": "",
    "duration_minutes": 0,
    "calories_burn": 0,
    "instructions": "",
    "tips": "",
    "is_active": true,
    "created_at": "2026-06-22T00:21:55.754Z"
  }
},
{
  "model": "workouts.exercise",
  "pk": 16,
  "fields": {
    "name": "Front Lever",
    "description": "Advanced calisthenics hold exercise",
    "body_part": "full_body",
    "category": null,
    "image": "",
    "video_url": "https://www.youtube.com/embed/8sX80YJLkA8",
    "sets_reps": "",
    "duration_minutes": 0,
    "calories_burn": 0,
    "instructions": "",
    "tips": "",
    "is_active": true,
    "created_at": "2026-06-22T00:21:55.764Z"
  }
},
{
  "model": "workouts.exercise",
  "pk": 17,
  "fields": {
    "name": "Back Lever",
    "description": "Advanced calisthenics hold exercise",
    "body_part": "full_body",
    "category": null,
    "image": "",
    "video_url": "https://www.youtube.com/embed/8yIEhe2lgOo",
    "sets_reps": "",
    "duration_minutes": 0,
    "calories_burn": 0,
    "instructions": "",
    "tips": "",
    "is_active": true,
    "created_at": "2026-06-22T00:21:55.775Z"
  }
},
{
  "model": "workouts.exercise",
  "pk": 18,
  "fields": {
    "name": "L-Sit",
    "description": "Core strengthening isometric hold",
    "body_part": "core",
    "category": null,
    "image": "",
    "video_url": "https://www.youtube.com/embed/1vhC5KjfBZ4",
    "sets_reps": "",
    "duration_minutes": 0,
    "calories_burn": 0,
    "instructions": "",
    "tips": "",
    "is_active": true,
    "created_at": "2026-06-22T00:21:55.784Z"
  }
},
{
  "model": "workouts.exercise",
  "pk": 19,
  "fields": {
    "name": "Human Flag",
    "description": "Advanced full body strength exercise",
    "body_part": "full_body",
    "category": null,
    "image": "",
    "video_url": "https://www.youtube.com/embed/4mn-2rVc7I0",
    "sets_reps": "",
    "duration_minutes": 0,
    "calories_burn": 0,
    "instructions": "",
    "tips": "",
    "is_active": true,
    "created_at": "2026-06-22T00:21:55.794Z"
  }
},
{
  "model": "workouts.exercise",
  "pk": 20,
  "fields": {
    "name": "Dragon Flag",
    "description": "Advanced core exercise",
    "body_part": "core",
    "category": null,
    "image": "",
    "video_url": "https://www.youtube.com/embed/ah6d8Jt58d0",
    "sets_reps": "",
    "duration_minutes": 0,
    "calories_burn": 0,
    "instructions": "",
    "tips": "",
    "is_active": true,
    "created_at": "2026-06-22T00:21:55.803Z"
  }
},
{
  "model": "workouts.exercise",
  "pk": 21,
  "fields": {
    "name": "One Arm Pull-up",
    "description": "Advanced pull-up variation",
    "body_part": "back",
    "category": null,
    "image": "",
    "video_url": "https://www.youtube.com/embed/5c4jq7iL_H0",
    "sets_reps": "",
    "duration_minutes": 0,
    "calories_burn": 0,
    "instructions": "",
    "tips": "",
    "is_active": true,
    "created_at": "2026-06-22T00:21:55.820Z"
  }
},
{
  "model": "workouts.exercise",
  "pk": 22,
  "fields": {
    "name": "Barbell Bench Press",
    "description": "Compound chest exercise",
    "body_part": "chest",
    "category": null,
    "image": "",
    "video_url": "https://www.youtube.com/embed/gRVjAtPip0Y",
    "sets_reps": "",
    "duration_minutes": 0,
    "calories_burn": 0,
    "instructions": "",
    "tips": "",
    "is_active": true,
    "created_at": "2026-06-22T00:21:55.853Z"
  }
},
{
  "model": "workouts.exercise",
  "pk": 23,
  "fields": {
    "name": "Overhead Press",
    "description": "Compound shoulder exercise",
    "body_part": "shoulder",
    "category": null,
    "image": "",
    "video_url": "https://www.youtube.com/embed/2IN5g1lVx-A",
    "sets_reps": "",
    "duration_minutes": 0,
    "calories_burn": 0,
    "instructions": "",
    "tips": "",
    "is_active": true,
    "created_at": "2026-06-22T00:21:55.870Z"
  }
},
{
  "model": "workouts.exercise",
  "pk": 24,
  "fields": {
    "name": "Barbell Row",
    "description": "Compound back exercise",
    "body_part": "back",
    "category": null,
    "image": "",
    "video_url": "https://www.youtube.com/embed/dH2aBN4hzrA",
    "sets_reps": "",
    "duration_minutes": 0,
    "calories_burn": 0,
    "instructions": "",
    "tips": "",
    "is_active": true,
    "created_at": "2026-06-22T00:21:55.880Z"
  }
},
{
  "model": "workouts.exercise",
  "pk": 25,
  "fields": {
    "name": "Romanian Deadlift",
    "description": "Hamstring and glute exercise",
    "body_part": "legs",
    "category": null,
    "image": "",
    "video_url": "https://www.youtube.com/embed/JC6L69SjfMc",
    "sets_reps": "",
    "duration_minutes": 0,
    "calories_burn": 0,
    "instructions": "",
    "tips": "",
    "is_active": true,
    "created_at": "2026-06-22T00:21:55.889Z"
  }
},
{
  "model": "workouts.exercise",
  "pk": 26,
  "fields": {
    "name": "Hip Thrust",
    "description": "Glute activation exercise",
    "body_part": "legs",
    "category": null,
    "image": "",
    "video_url": "https://www.youtube.com/embed/SEdqd1nBQ-w",
    "sets_reps": "",
    "duration_minutes": 0,
    "calories_burn": 0,
    "instructions": "",
    "tips": "",
    "is_active": true,
    "created_at": "2026-06-22T00:21:55.898Z"
  }
},
{
  "model": "workouts.exercise",
  "pk": 27,
  "fields": {
    "name": "Box Jumps",
    "description": "Plyometric cardio exercise",
    "body_part": "cardio",
    "category": null,
    "image": "",
    "video_url": "https://www.youtube.com/embed/52r_Ul5k03Q",
    "sets_reps": "",
    "duration_minutes": 0,
    "calories_burn": 0,
    "instructions": "",
    "tips": "",
    "is_active": true,
    "created_at": "2026-06-22T00:21:55.908Z"
  }
},
{
  "model": "workouts.exercise",
  "pk": 28,
  "fields": {
    "name": "Kettlebell Swings",
    "description": "Full body cardio exercise",
    "body_part": "cardio",
    "category": null,
    "image": "",
    "video_url": "https://www.youtube.com/embed/ys8l5_GmBsE",
    "sets_reps": "",
    "duration_minutes": 0,
    "calories_burn": 0,
    "instructions": "",
    "tips": "",
    "is_active": true,
    "created_at": "2026-06-22T00:21:55.918Z"
  }
},
{
  "model": "workouts.exercise",
  "pk": 29,
  "fields": {
    "name": "Battle Ropes",
    "description": "High intensity cardio exercise",
    "body_part": "cardio",
    "category": null,
    "image": "",
    "video_url": "https://www.youtube.com/embed/cB9nYfQLwF0",
    "sets_reps": "",
    "duration_minutes": 0,
    "calories_burn": 0,
    "instructions": "",
    "tips": "",
    "is_active": true,
    "created_at": "2026-06-22T00:21:55.927Z"
  }
},
{
  "model": "workouts.exercise",
  "pk": 30,
  "fields": {
    "name": "Russian Twists",
    "description": "Oblique targeting core exercise",
    "body_part": "core",
    "category": null,
    "image": "",
    "video_url": "https://www.youtube.com/embed/wkD8rjkopT8",
    "sets_reps": "",
    "duration_minutes": 0,
    "calories_burn": 0,
    "instructions": "",
    "tips": "",
    "is_active": true,
    "created_at": "2026-06-22T00:21:55.937Z"
  }
},
{
  "model": "workouts.exercise",
  "pk": 31,
  "fields": {
    "name": "V-Ups",
    "description": "Upper and lower core exercise",
    "body_part": "core",
    "category": null,
    "image": "",
    "video_url": "https://www.youtube.com/embed/eNda9soy9jQ",
    "sets_reps": "",
    "duration_minutes": 0,
    "calories_burn": 0,
    "instructions": "",
    "tips": "",
    "is_active": true,
    "created_at": "2026-06-22T00:21:55.947Z"
  }
},
{
  "model": "workouts.exercise",
  "pk": 32,
  "fields": {
    "name": "Flutter Kicks",
    "description": "Lower core strengthening",
    "body_part": "core",
    "category": null,
    "image": "",
    "video_url": "https://www.youtube.com/embed/M3FJkC-7U_Q",
    "sets_reps": "",
    "duration_minutes": 0,
    "calories_burn": 0,
    "instructions": "",
    "tips": "",
    "is_active": true,
    "created_at": "2026-06-22T00:21:55.955Z"
  }
},
{
  "model": "workouts.workoutplan",
  "pk": 1,
  "fields": {
    "name": "Beginner Full Body - Monday",
    "description": "Full body workout for beginners. Focus on form and consistency.",
    "difficulty": "beginner",
    "day_of_week": "monday",
    "duration_weeks": 4,
    "is_active": true,
    "required_membership": null,
    "created_at": "2026-06-12T23:41:35.698Z"
  }
},
{
  "model": "workouts.workoutplan",
  "pk": 2,
  "fields": {
    "name": "Beginner Full Body - Tuesday",
    "description": "Full body workout for beginners. Focus on form and consistency.",
    "difficulty": "beginner",
    "day_of_week": "tuesday",
    "duration_weeks": 4,
    "is_active": true,
    "required_membership": null,
    "created_at": "2026-06-12T23:41:35.761Z"
  }
},
{
  "model": "workouts.workoutplan",
  "pk": 3,
  "fields": {
    "name": "Beginner Full Body - Wednesday",
    "description": "Full body workout for beginners. Focus on form and consistency.",
    "difficulty": "beginner",
    "day_of_week": "wednesday",
    "duration_weeks": 4,
    "is_active": true,
    "required_membership": null,
    "created_at": "2026-06-12T23:41:35.848Z"
  }
},
{
  "model": "workouts.workoutplan",
  "pk": 4,
  "fields": {
    "name": "Beginner Full Body - Thursday",
    "description": "Full body workout for beginners. Focus on form and consistency.",
    "difficulty": "beginner",
    "day_of_week": "thursday",
    "duration_weeks": 4,
    "is_active": true,
    "required_membership": null,
    "created_at": "2026-06-12T23:41:35.920Z"
  }
},
{
  "model": "workouts.workoutplan",
  "pk": 5,
  "fields": {
    "name": "Beginner Full Body - Friday",
    "description": "Full body workout for beginners. Focus on form and consistency.",
    "difficulty": "beginner",
    "day_of_week": "friday",
    "duration_weeks": 4,
    "is_active": true,
    "required_membership": null,
    "created_at": "2026-06-12T23:41:36.003Z"
  }
},
{
  "model": "workouts.workoutplan",
  "pk": 6,
  "fields": {
    "name": "Beginner Full Body - Saturday",
    "description": "Full body workout for beginners. Focus on form and consistency.",
    "difficulty": "beginner",
    "day_of_week": "saturday",
    "duration_weeks": 4,
    "is_active": true,
    "required_membership": null,
    "created_at": "2026-06-12T23:41:36.064Z"
  }
},
{
  "model": "workouts.workoutplan",
  "pk": 7,
  "fields": {
    "name": "Beginner Full Body - Sunday",
    "description": "Full body workout for beginners. Focus on form and consistency.",
    "difficulty": "beginner",
    "day_of_week": "sunday",
    "duration_weeks": 4,
    "is_active": true,
    "required_membership": null,
    "created_at": "2026-06-12T23:41:36.111Z"
  }
},
{
  "model": "workouts.workoutplan",
  "pk": 8,
  "fields": {
    "name": "Intermediate Strength - Monday",
    "description": "Challenging strength workout for intermediate level.",
    "difficulty": "intermediate",
    "day_of_week": "monday",
    "duration_weeks": 6,
    "is_active": true,
    "required_membership": null,
    "created_at": "2026-06-12T23:41:36.314Z"
  }
},
{
  "model": "workouts.workoutplan",
  "pk": 9,
  "fields": {
    "name": "Intermediate Strength - Tuesday",
    "description": "Challenging strength workout for intermediate level.",
    "difficulty": "intermediate",
    "day_of_week": "tuesday",
    "duration_weeks": 6,
    "is_active": true,
    "required_membership": null,
    "created_at": "2026-06-12T23:41:36.408Z"
  }
},
{
  "model": "workouts.workoutplan",
  "pk": 10,
  "fields": {
    "name": "Intermediate Strength - Wednesday",
    "description": "Challenging strength workout for intermediate level.",
    "difficulty": "intermediate",
    "day_of_week": "wednesday",
    "duration_weeks": 6,
    "is_active": true,
    "required_membership": null,
    "created_at": "2026-06-12T23:41:36.470Z"
  }
},
{
  "model": "workouts.workoutplan",
  "pk": 11,
  "fields": {
    "name": "Intermediate Strength - Thursday",
    "description": "Challenging strength workout for intermediate level.",
    "difficulty": "intermediate",
    "day_of_week": "thursday",
    "duration_weeks": 6,
    "is_active": true,
    "required_membership": null,
    "created_at": "2026-06-12T23:41:36.533Z"
  }
},
{
  "model": "workouts.workoutplan",
  "pk": 12,
  "fields": {
    "name": "Intermediate Strength - Friday",
    "description": "Challenging strength workout for intermediate level.",
    "difficulty": "intermediate",
    "day_of_week": "friday",
    "duration_weeks": 6,
    "is_active": true,
    "required_membership": null,
    "created_at": "2026-06-12T23:41:36.595Z"
  }
},
{
  "model": "workouts.workoutplan",
  "pk": 13,
  "fields": {
    "name": "Intermediate Strength - Saturday",
    "description": "Challenging strength workout for intermediate level.",
    "difficulty": "intermediate",
    "day_of_week": "saturday",
    "duration_weeks": 6,
    "is_active": true,
    "required_membership": null,
    "created_at": "2026-06-12T23:41:36.658Z"
  }
},
{
  "model": "workouts.workoutplan",
  "pk": 14,
  "fields": {
    "name": "Intermediate Strength - Sunday",
    "description": "Challenging strength workout for intermediate level.",
    "difficulty": "intermediate",
    "day_of_week": "sunday",
    "duration_weeks": 6,
    "is_active": true,
    "required_membership": null,
    "created_at": "2026-06-12T23:41:36.735Z"
  }
},
{
  "model": "workouts.workoutplan",
  "pk": 15,
  "fields": {
    "name": "Advanced Power - Monday",
    "description": "Intense power workout for advanced athletes.",
    "difficulty": "advanced",
    "day_of_week": "monday",
    "duration_weeks": 8,
    "is_active": true,
    "required_membership": null,
    "created_at": "2026-06-12T23:41:36.940Z"
  }
},
{
  "model": "workouts.workoutplan",
  "pk": 16,
  "fields": {
    "name": "Advanced Power - Tuesday",
    "description": "Intense power workout for advanced athletes.",
    "difficulty": "advanced",
    "day_of_week": "tuesday",
    "duration_weeks": 8,
    "is_active": true,
    "required_membership": null,
    "created_at": "2026-06-12T23:41:37.047Z"
  }
},
{
  "model": "workouts.workoutplan",
  "pk": 17,
  "fields": {
    "name": "Advanced Power - Wednesday",
    "description": "Intense power workout for advanced athletes.",
    "difficulty": "advanced",
    "day_of_week": "wednesday",
    "duration_weeks": 8,
    "is_active": true,
    "required_membership": null,
    "created_at": "2026-06-12T23:41:37.140Z"
  }
},
{
  "model": "workouts.workoutplan",
  "pk": 18,
  "fields": {
    "name": "Advanced Power - Thursday",
    "description": "Intense power workout for advanced athletes.",
    "difficulty": "advanced",
    "day_of_week": "thursday",
    "duration_weeks": 8,
    "is_active": true,
    "required_membership": null,
    "created_at": "2026-06-12T23:41:37.203Z"
  }
},
{
  "model": "workouts.workoutplan",
  "pk": 19,
  "fields": {
    "name": "Advanced Power - Friday",
    "description": "Intense power workout for advanced athletes.",
    "difficulty": "advanced",
    "day_of_week": "friday",
    "duration_weeks": 8,
    "is_active": true,
    "required_membership": null,
    "created_at": "2026-06-12T23:41:37.279Z"
  }
},
{
  "model": "workouts.workoutplan",
  "pk": 20,
  "fields": {
    "name": "Advanced Power - Saturday",
    "description": "Intense power workout for advanced athletes.",
    "difficulty": "advanced",
    "day_of_week": "saturday",
    "duration_weeks": 8,
    "is_active": true,
    "required_membership": null,
    "created_at": "2026-06-12T23:41:37.362Z"
  }
},
{
  "model": "workouts.workoutplan",
  "pk": 21,
  "fields": {
    "name": "Advanced Power - Sunday",
    "description": "Intense power workout for advanced athletes.",
    "difficulty": "advanced",
    "day_of_week": "sunday",
    "duration_weeks": 8,
    "is_active": true,
    "required_membership": null,
    "created_at": "2026-06-12T23:41:37.461Z"
  }
},
{
  "model": "workouts.workoutplanexercise",
  "pk": 1,
  "fields": {
    "workout_plan": 1,
    "exercise": 1,
    "order": 1,
    "sets": 3,
    "reps": "12",
    "rest_seconds": 60
  }
},
{
  "model": "workouts.workoutplanexercise",
  "pk": 2,
  "fields": {
    "workout_plan": 1,
    "exercise": 2,
    "order": 2,
    "sets": 3,
    "reps": "12",
    "rest_seconds": 60
  }
},
{
  "model": "workouts.workoutplanexercise",
  "pk": 3,
  "fields": {
    "workout_plan": 1,
    "exercise": 3,
    "order": 3,
    "sets": 3,
    "reps": "12",
    "rest_seconds": 60
  }
},
{
  "model": "workouts.workoutplanexercise",
  "pk": 4,
  "fields": {
    "workout_plan": 1,
    "exercise": 4,
    "order": 4,
    "sets": 3,
    "reps": "12",
    "rest_seconds": 60
  }
},
{
  "model": "workouts.workoutplanexercise",
  "pk": 5,
  "fields": {
    "workout_plan": 2,
    "exercise": 5,
    "order": 1,
    "sets": 3,
    "reps": "12",
    "rest_seconds": 60
  }
},
{
  "model": "workouts.workoutplanexercise",
  "pk": 6,
  "fields": {
    "workout_plan": 2,
    "exercise": 1,
    "order": 2,
    "sets": 3,
    "reps": "12",
    "rest_seconds": 60
  }
},
{
  "model": "workouts.workoutplanexercise",
  "pk": 7,
  "fields": {
    "workout_plan": 2,
    "exercise": 2,
    "order": 3,
    "sets": 3,
    "reps": "12",
    "rest_seconds": 60
  }
},
{
  "model": "workouts.workoutplanexercise",
  "pk": 8,
  "fields": {
    "workout_plan": 2,
    "exercise": 4,
    "order": 4,
    "sets": 3,
    "reps": "12",
    "rest_seconds": 60
  }
},
{
  "model": "workouts.workoutplanexercise",
  "pk": 9,
  "fields": {
    "workout_plan": 3,
    "exercise": 3,
    "order": 1,
    "sets": 3,
    "reps": "12",
    "rest_seconds": 60
  }
},
{
  "model": "workouts.workoutplanexercise",
  "pk": 10,
  "fields": {
    "workout_plan": 3,
    "exercise": 4,
    "order": 2,
    "sets": 3,
    "reps": "12",
    "rest_seconds": 60
  }
},
{
  "model": "workouts.workoutplanexercise",
  "pk": 11,
  "fields": {
    "workout_plan": 3,
    "exercise": 1,
    "order": 3,
    "sets": 3,
    "reps": "12",
    "rest_seconds": 60
  }
},
{
  "model": "workouts.workoutplanexercise",
  "pk": 12,
  "fields": {
    "workout_plan": 3,
    "exercise": 5,
    "order": 4,
    "sets": 3,
    "reps": "12",
    "rest_seconds": 60
  }
},
{
  "model": "workouts.workoutplanexercise",
  "pk": 13,
  "fields": {
    "workout_plan": 4,
    "exercise": 2,
    "order": 1,
    "sets": 3,
    "reps": "12",
    "rest_seconds": 60
  }
},
{
  "model": "workouts.workoutplanexercise",
  "pk": 14,
  "fields": {
    "workout_plan": 4,
    "exercise": 1,
    "order": 2,
    "sets": 3,
    "reps": "12",
    "rest_seconds": 60
  }
},
{
  "model": "workouts.workoutplanexercise",
  "pk": 15,
  "fields": {
    "workout_plan": 4,
    "exercise": 3,
    "order": 3,
    "sets": 3,
    "reps": "12",
    "rest_seconds": 60
  }
},
{
  "model": "workouts.workoutplanexercise",
  "pk": 16,
  "fields": {
    "workout_plan": 4,
    "exercise": 4,
    "order": 4,
    "sets": 3,
    "reps": "12",
    "rest_seconds": 60
  }
},
{
  "model": "workouts.workoutplanexercise",
  "pk": 17,
  "fields": {
    "workout_plan": 5,
    "exercise": 5,
    "order": 1,
    "sets": 3,
    "reps": "12",
    "rest_seconds": 60
  }
},
{
  "model": "workouts.workoutplanexercise",
  "pk": 18,
  "fields": {
    "workout_plan": 5,
    "exercise": 1,
    "order": 2,
    "sets": 3,
    "reps": "12",
    "rest_seconds": 60
  }
},
{
  "model": "workouts.workoutplanexercise",
  "pk": 19,
  "fields": {
    "workout_plan": 5,
    "exercise": 2,
    "order": 3,
    "sets": 3,
    "reps": "12",
    "rest_seconds": 60
  }
},
{
  "model": "workouts.workoutplanexercise",
  "pk": 20,
  "fields": {
    "workout_plan": 5,
    "exercise": 3,
    "order": 4,
    "sets": 3,
    "reps": "12",
    "rest_seconds": 60
  }
},
{
  "model": "workouts.workoutplanexercise",
  "pk": 21,
  "fields": {
    "workout_plan": 6,
    "exercise": 1,
    "order": 1,
    "sets": 3,
    "reps": "12",
    "rest_seconds": 60
  }
},
{
  "model": "workouts.workoutplanexercise",
  "pk": 22,
  "fields": {
    "workout_plan": 6,
    "exercise": 2,
    "order": 2,
    "sets": 3,
    "reps": "12",
    "rest_seconds": 60
  }
},
{
  "model": "workouts.workoutplanexercise",
  "pk": 23,
  "fields": {
    "workout_plan": 6,
    "exercise": 4,
    "order": 3,
    "sets": 3,
    "reps": "12",
    "rest_seconds": 60
  }
},
{
  "model": "workouts.workoutplanexercise",
  "pk": 24,
  "fields": {
    "workout_plan": 6,
    "exercise": 5,
    "order": 4,
    "sets": 3,
    "reps": "12",
    "rest_seconds": 60
  }
},
{
  "model": "workouts.workoutplanexercise",
  "pk": 25,
  "fields": {
    "workout_plan": 7,
    "exercise": 3,
    "order": 1,
    "sets": 3,
    "reps": "12",
    "rest_seconds": 60
  }
},
{
  "model": "workouts.workoutplanexercise",
  "pk": 26,
  "fields": {
    "workout_plan": 7,
    "exercise": 1,
    "order": 2,
    "sets": 3,
    "reps": "12",
    "rest_seconds": 60
  }
},
{
  "model": "workouts.workoutplanexercise",
  "pk": 27,
  "fields": {
    "workout_plan": 7,
    "exercise": 2,
    "order": 3,
    "sets": 3,
    "reps": "12",
    "rest_seconds": 60
  }
},
{
  "model": "workouts.workoutplanexercise",
  "pk": 28,
  "fields": {
    "workout_plan": 7,
    "exercise": 4,
    "order": 4,
    "sets": 3,
    "reps": "12",
    "rest_seconds": 60
  }
},
{
  "model": "workouts.workoutplanexercise",
  "pk": 29,
  "fields": {
    "workout_plan": 8,
    "exercise": 6,
    "order": 1,
    "sets": 4,
    "reps": "10",
    "rest_seconds": 45
  }
},
{
  "model": "workouts.workoutplanexercise",
  "pk": 30,
  "fields": {
    "workout_plan": 8,
    "exercise": 7,
    "order": 2,
    "sets": 4,
    "reps": "10",
    "rest_seconds": 45
  }
},
{
  "model": "workouts.workoutplanexercise",
  "pk": 31,
  "fields": {
    "workout_plan": 8,
    "exercise": 8,
    "order": 3,
    "sets": 4,
    "reps": "10",
    "rest_seconds": 45
  }
},
{
  "model": "workouts.workoutplanexercise",
  "pk": 32,
  "fields": {
    "workout_plan": 8,
    "exercise": 2,
    "order": 4,
    "sets": 4,
    "reps": "10",
    "rest_seconds": 45
  }
},
{
  "model": "workouts.workoutplanexercise",
  "pk": 33,
  "fields": {
    "workout_plan": 9,
    "exercise": 9,
    "order": 1,
    "sets": 4,
    "reps": "10",
    "rest_seconds": 45
  }
},
{
  "model": "workouts.workoutplanexercise",
  "pk": 34,
  "fields": {
    "workout_plan": 9,
    "exercise": 10,
    "order": 2,
    "sets": 4,
    "reps": "10",
    "rest_seconds": 45
  }
},
{
  "model": "workouts.workoutplanexercise",
  "pk": 35,
  "fields": {
    "workout_plan": 9,
    "exercise": 6,
    "order": 3,
    "sets": 4,
    "reps": "10",
    "rest_seconds": 45
  }
},
{
  "model": "workouts.workoutplanexercise",
  "pk": 36,
  "fields": {
    "workout_plan": 9,
    "exercise": 7,
    "order": 4,
    "sets": 4,
    "reps": "10",
    "rest_seconds": 45
  }
},
{
  "model": "workouts.workoutplanexercise",
  "pk": 37,
  "fields": {
    "workout_plan": 10,
    "exercise": 8,
    "order": 1,
    "sets": 4,
    "reps": "10",
    "rest_seconds": 45
  }
},
{
  "model": "workouts.workoutplanexercise",
  "pk": 38,
  "fields": {
    "workout_plan": 10,
    "exercise": 2,
    "order": 2,
    "sets": 4,
    "reps": "10",
    "rest_seconds": 45
  }
},
{
  "model": "workouts.workoutplanexercise",
  "pk": 39,
  "fields": {
    "workout_plan": 10,
    "exercise": 9,
    "order": 3,
    "sets": 4,
    "reps": "10",
    "rest_seconds": 45
  }
},
{
  "model": "workouts.workoutplanexercise",
  "pk": 40,
  "fields": {
    "workout_plan": 10,
    "exercise": 10,
    "order": 4,
    "sets": 4,
    "reps": "10",
    "rest_seconds": 45
  }
},
{
  "model": "workouts.workoutplanexercise",
  "pk": 41,
  "fields": {
    "workout_plan": 11,
    "exercise": 7,
    "order": 1,
    "sets": 4,
    "reps": "10",
    "rest_seconds": 45
  }
},
{
  "model": "workouts.workoutplanexercise",
  "pk": 42,
  "fields": {
    "workout_plan": 11,
    "exercise": 6,
    "order": 2,
    "sets": 4,
    "reps": "10",
    "rest_seconds": 45
  }
},
{
  "model": "workouts.workoutplanexercise",
  "pk": 43,
  "fields": {
    "workout_plan": 11,
    "exercise": 8,
    "order": 3,
    "sets": 4,
    "reps": "10",
    "rest_seconds": 45
  }
},
{
  "model": "workouts.workoutplanexercise",
  "pk": 44,
  "fields": {
    "workout_plan": 11,
    "exercise": 2,
    "order": 4,
    "sets": 4,
    "reps": "10",
    "rest_seconds": 45
  }
},
{
  "model": "workouts.workoutplanexercise",
  "pk": 45,
  "fields": {
    "workout_plan": 12,
    "exercise": 10,
    "order": 1,
    "sets": 4,
    "reps": "10",
    "rest_seconds": 45
  }
},
{
  "model": "workouts.workoutplanexercise",
  "pk": 46,
  "fields": {
    "workout_plan": 12,
    "exercise": 9,
    "order": 2,
    "sets": 4,
    "reps": "10",
    "rest_seconds": 45
  }
},
{
  "model": "workouts.workoutplanexercise",
  "pk": 47,
  "fields": {
    "workout_plan": 12,
    "exercise": 6,
    "order": 3,
    "sets": 4,
    "reps": "10",
    "rest_seconds": 45
  }
},
{
  "model": "workouts.workoutplanexercise",
  "pk": 48,
  "fields": {
    "workout_plan": 12,
    "exercise": 7,
    "order": 4,
    "sets": 4,
    "reps": "10",
    "rest_seconds": 45
  }
},
{
  "model": "workouts.workoutplanexercise",
  "pk": 49,
  "fields": {
    "workout_plan": 13,
    "exercise": 2,
    "order": 1,
    "sets": 4,
    "reps": "10",
    "rest_seconds": 45
  }
},
{
  "model": "workouts.workoutplanexercise",
  "pk": 50,
  "fields": {
    "workout_plan": 13,
    "exercise": 8,
    "order": 2,
    "sets": 4,
    "reps": "10",
    "rest_seconds": 45
  }
},
{
  "model": "workouts.workoutplanexercise",
  "pk": 51,
  "fields": {
    "workout_plan": 13,
    "exercise": 10,
    "order": 3,
    "sets": 4,
    "reps": "10",
    "rest_seconds": 45
  }
},
{
  "model": "workouts.workoutplanexercise",
  "pk": 52,
  "fields": {
    "workout_plan": 13,
    "exercise": 9,
    "order": 4,
    "sets": 4,
    "reps": "10",
    "rest_seconds": 45
  }
},
{
  "model": "workouts.workoutplanexercise",
  "pk": 53,
  "fields": {
    "workout_plan": 14,
    "exercise": 6,
    "order": 1,
    "sets": 4,
    "reps": "10",
    "rest_seconds": 45
  }
},
{
  "model": "workouts.workoutplanexercise",
  "pk": 54,
  "fields": {
    "workout_plan": 14,
    "exercise": 7,
    "order": 2,
    "sets": 4,
    "reps": "10",
    "rest_seconds": 45
  }
},
{
  "model": "workouts.workoutplanexercise",
  "pk": 55,
  "fields": {
    "workout_plan": 14,
    "exercise": 8,
    "order": 3,
    "sets": 4,
    "reps": "10",
    "rest_seconds": 45
  }
},
{
  "model": "workouts.workoutplanexercise",
  "pk": 56,
  "fields": {
    "workout_plan": 14,
    "exercise": 2,
    "order": 4,
    "sets": 4,
    "reps": "10",
    "rest_seconds": 45
  }
},
{
  "model": "workouts.workoutplanexercise",
  "pk": 57,
  "fields": {
    "workout_plan": 15,
    "exercise": 11,
    "order": 1,
    "sets": 5,
    "reps": "5-8",
    "rest_seconds": 90
  }
},
{
  "model": "workouts.workoutplanexercise",
  "pk": 58,
  "fields": {
    "workout_plan": 15,
    "exercise": 6,
    "order": 2,
    "sets": 5,
    "reps": "5-8",
    "rest_seconds": 90
  }
},
{
  "model": "workouts.workoutplanexercise",
  "pk": 59,
  "fields": {
    "workout_plan": 15,
    "exercise": 12,
    "order": 3,
    "sets": 5,
    "reps": "5-8",
    "rest_seconds": 90
  }
},
{
  "model": "workouts.workoutplanexercise",
  "pk": 60,
  "fields": {
    "workout_plan": 15,
    "exercise": 14,
    "order": 4,
    "sets": 5,
    "reps": "5-8",
    "rest_seconds": 90
  }
},
{
  "model": "workouts.workoutplanexercise",
  "pk": 61,
  "fields": {
    "workout_plan": 16,
    "exercise": 13,
    "order": 1,
    "sets": 5,
    "reps": "5-8",
    "rest_seconds": 90
  }
},
{
  "model": "workouts.workoutplanexercise",
  "pk": 62,
  "fields": {
    "workout_plan": 16,
    "exercise": 14,
    "order": 2,
    "sets": 5,
    "reps": "5-8",
    "rest_seconds": 90
  }
},
{
  "model": "workouts.workoutplanexercise",
  "pk": 63,
  "fields": {
    "workout_plan": 16,
    "exercise": 11,
    "order": 3,
    "sets": 5,
    "reps": "5-8",
    "rest_seconds": 90
  }
},
{
  "model": "workouts.workoutplanexercise",
  "pk": 64,
  "fields": {
    "workout_plan": 16,
    "exercise": 12,
    "order": 4,
    "sets": 5,
    "reps": "5-8",
    "rest_seconds": 90
  }
},
{
  "model": "workouts.workoutplanexercise",
  "pk": 65,
  "fields": {
    "workout_plan": 17,
    "exercise": 6,
    "order": 1,
    "sets": 5,
    "reps": "5-8",
    "rest_seconds": 90
  }
},
{
  "model": "workouts.workoutplanexercise",
  "pk": 66,
  "fields": {
    "workout_plan": 17,
    "exercise": 13,
    "order": 2,
    "sets": 5,
    "reps": "5-8",
    "rest_seconds": 90
  }
},
{
  "model": "workouts.workoutplanexercise",
  "pk": 67,
  "fields": {
    "workout_plan": 17,
    "exercise": 14,
    "order": 3,
    "sets": 5,
    "reps": "5-8",
    "rest_seconds": 90
  }
},
{
  "model": "workouts.workoutplanexercise",
  "pk": 68,
  "fields": {
    "workout_plan": 17,
    "exercise": 11,
    "order": 4,
    "sets": 5,
    "reps": "5-8",
    "rest_seconds": 90
  }
},
{
  "model": "workouts.workoutplanexercise",
  "pk": 69,
  "fields": {
    "workout_plan": 18,
    "exercise": 12,
    "order": 1,
    "sets": 5,
    "reps": "5-8",
    "rest_seconds": 90
  }
},
{
  "model": "workouts.workoutplanexercise",
  "pk": 70,
  "fields": {
    "workout_plan": 18,
    "exercise": 11,
    "order": 2,
    "sets": 5,
    "reps": "5-8",
    "rest_seconds": 90
  }
},
{
  "model": "workouts.workoutplanexercise",
  "pk": 71,
  "fields": {
    "workout_plan": 18,
    "exercise": 13,
    "order": 3,
    "sets": 5,
    "reps": "5-8",
    "rest_seconds": 90
  }
},
{
  "model": "workouts.workoutplanexercise",
  "pk": 72,
  "fields": {
    "workout_plan": 18,
    "exercise": 6,
    "order": 4,
    "sets": 5,
    "reps": "5-8",
    "rest_seconds": 90
  }
},
{
  "model": "workouts.workoutplanexercise",
  "pk": 73,
  "fields": {
    "workout_plan": 19,
    "exercise": 14,
    "order": 1,
    "sets": 5,
    "reps": "5-8",
    "rest_seconds": 90
  }
},
{
  "model": "workouts.workoutplanexercise",
  "pk": 74,
  "fields": {
    "workout_plan": 19,
    "exercise": 12,
    "order": 2,
    "sets": 5,
    "reps": "5-8",
    "rest_seconds": 90
  }
},
{
  "model": "workouts.workoutplanexercise",
  "pk": 75,
  "fields": {
    "workout_plan": 19,
    "exercise": 11,
    "order": 3,
    "sets": 5,
    "reps": "5-8",
    "rest_seconds": 90
  }
},
{
  "model": "workouts.workoutplanexercise",
  "pk": 76,
  "fields": {
    "workout_plan": 19,
    "exercise": 13,
    "order": 4,
    "sets": 5,
    "reps": "5-8",
    "rest_seconds": 90
  }
},
{
  "model": "workouts.workoutplanexercise",
  "pk": 77,
  "fields": {
    "workout_plan": 20,
    "exercise": 11,
    "order": 1,
    "sets": 5,
    "reps": "5-8",
    "rest_seconds": 90
  }
},
{
  "model": "workouts.workoutplanexercise",
  "pk": 78,
  "fields": {
    "workout_plan": 20,
    "exercise": 6,
    "order": 2,
    "sets": 5,
    "reps": "5-8",
    "rest_seconds": 90
  }
},
{
  "model": "workouts.workoutplanexercise",
  "pk": 79,
  "fields": {
    "workout_plan": 20,
    "exercise": 13,
    "order": 3,
    "sets": 5,
    "reps": "5-8",
    "rest_seconds": 90
  }
},
{
  "model": "workouts.workoutplanexercise",
  "pk": 80,
  "fields": {
    "workout_plan": 20,
    "exercise": 14,
    "order": 4,
    "sets": 5,
    "reps": "5-8",
    "rest_seconds": 90
  }
},
{
  "model": "workouts.workoutplanexercise",
  "pk": 81,
  "fields": {
    "workout_plan": 21,
    "exercise": 12,
    "order": 1,
    "sets": 5,
    "reps": "5-8",
    "rest_seconds": 90
  }
},
{
  "model": "workouts.workoutplanexercise",
  "pk": 82,
  "fields": {
    "workout_plan": 21,
    "exercise": 14,
    "order": 2,
    "sets": 5,
    "reps": "5-8",
    "rest_seconds": 90
  }
},
{
  "model": "workouts.workoutplanexercise",
  "pk": 83,
  "fields": {
    "workout_plan": 21,
    "exercise": 11,
    "order": 3,
    "sets": 5,
    "reps": "5-8",
    "rest_seconds": 90
  }
},
{
  "model": "workouts.workoutplanexercise",
  "pk": 84,
  "fields": {
    "workout_plan": 21,
    "exercise": 6,
    "order": 4,
    "sets": 5,
    "reps": "5-8",
    "rest_seconds": 90
  }
},
{
  "model": "diet.dietcategory",
  "pk": 1,
  "fields": {
    "name": "Weight Loss",
    "description": "Low calorie, high nutrition meals for effective weight loss",
    "icon": "fas fa-weight-scale",
    "is_active": true
  }
},
{
  "model": "diet.dietcategory",
  "pk": 2,
  "fields": {
    "name": "Weight Gain",
    "description": "Calorie-dense meals for healthy weight gain",
    "icon": "fas fa-chart-line",
    "is_active": true
  }
},
{
  "model": "diet.dietcategory",
  "pk": 3,
  "fields": {
    "name": "Muscle Building",
    "description": "High protein meals for muscle growth",
    "icon": "fas fa-dumbbell",
    "is_active": true
  }
},
{
  "model": "diet.dietcategory",
  "pk": 4,
  "fields": {
    "name": "Maintenance",
    "description": "Balanced meals for maintaining healthy weight",
    "icon": "fas fa-heart",
    "is_active": true
  }
},
{
  "model": "diet.meal",
  "pk": 1,
  "fields": {
    "name": "Oatmeal with Berries",
    "description": "Healthy oatmeal topped with fresh berries",
    "meal_type": "breakfast",
    "calories": 350,
    "protein": 12,
    "carbohydrates": 55,
    "fats": 8,
    "fiber": 8,
    "ingredients": "1 cup rolled oats\n2 cups water or milk\n1/2 cup mixed berries\n1 tbsp honey\n1 tbsp chia seeds",
    "instructions": "Cook oats in water/milk for 5 minutes. Top with berries, honey, and chia seeds.",
    "image": "",
    "is_vegetarian": true,
    "is_vegan": false,
    "is_gluten_free": false,
    "created_at": "2026-06-12T23:21:50.419Z"
  }
},
{
  "model": "diet.meal",
  "pk": 2,
  "fields": {
    "name": "Greek Yogurt Parfait",
    "description": "Protein-rich yogurt with granola and fruits",
    "meal_type": "breakfast",
    "calories": 320,
    "protein": 25,
    "carbohydrates": 35,
    "fats": 10,
    "fiber": 5,
    "ingredients": "1 cup Greek yogurt\n1/2 cup granola\n1/2 cup mixed berries\n1 tbsp honey",
    "instructions": "Layer yogurt, granola, and berries in a glass. Drizzle with honey.",
    "image": "",
    "is_vegetarian": true,
    "is_vegan": false,
    "is_gluten_free": false,
    "created_at": "2026-06-12T23:21:50.655Z"
  }
},
{
  "model": "diet.meal",
  "pk": 3,
  "fields": {
    "name": "Protein Smoothie Bowl",
    "description": "Delicious protein-packed smoothie bowl",
    "meal_type": "breakfast",
    "calories": 400,
    "protein": 30,
    "carbohydrates": 50,
    "fats": 12,
    "fiber": 10,
    "ingredients": "1 scoop protein powder\n1 banana\n1 cup spinach\n1 cup almond milk\n1 tbsp peanut butter\nToppings: granola, chia seeds, coconut flakes",
    "instructions": "Blend all ingredients until smooth. Pour into bowl and add toppings.",
    "image": "",
    "is_vegetarian": true,
    "is_vegan": true,
    "is_gluten_free": false,
    "created_at": "2026-06-12T23:21:50.877Z"
  }
},
{
  "model": "diet.meal",
  "pk": 4,
  "fields": {
    "name": "Egg White Omelette",
    "description": "Low-calorie high-protein egg white omelette",
    "meal_type": "breakfast",
    "calories": 250,
    "protein": 28,
    "carbohydrates": 10,
    "fats": 10,
    "fiber": 3,
    "ingredients": "4 egg whites\n1/4 cup chopped spinach\n1/4 cup mushrooms\n1/4 cup onions\nSalt and pepper to taste",
    "instructions": "Sauté vegetables. Add egg whites and cook until set. Fold and serve.",
    "image": "",
    "is_vegetarian": true,
    "is_vegan": false,
    "is_gluten_free": false,
    "created_at": "2026-06-12T23:21:51.113Z"
  }
},
{
  "model": "diet.meal",
  "pk": 5,
  "fields": {
    "name": "Grilled Chicken Salad",
    "description": "Fresh salad with grilled chicken breast",
    "meal_type": "lunch",
    "calories": 450,
    "protein": 40,
    "carbohydrates": 20,
    "fats": 22,
    "fiber": 8,
    "ingredients": "150g grilled chicken breast\nMixed greens\nCherry tomatoes\nCucumber\n1 tbsp olive oil\nLemon juice",
    "instructions": "Grill chicken breast. Combine with fresh vegetables. Drizzle with olive oil and lemon juice.",
    "image": "",
    "is_vegetarian": false,
    "is_vegan": false,
    "is_gluten_free": false,
    "created_at": "2026-06-12T23:21:51.637Z"
  }
},
{
  "model": "diet.meal",
  "pk": 6,
  "fields": {
    "name": "Quinoa Buddha Bowl",
    "description": "Nutrient-dense bowl with quinoa and roasted vegetables",
    "meal_type": "lunch",
    "calories": 500,
    "protein": 18,
    "carbohydrates": 70,
    "fats": 18,
    "fiber": 12,
    "ingredients": "1 cup cooked quinoa\nRoasted sweet potatoes\nRoasted broccoli\nAvocado\nTahini dressing",
    "instructions": "Cook quinoa. Roast vegetables. Assemble bowl and drizzle with dressing.",
    "image": "",
    "is_vegetarian": true,
    "is_vegan": true,
    "is_gluten_free": false,
    "created_at": "2026-06-12T23:21:51.925Z"
  }
},
{
  "model": "diet.meal",
  "pk": 7,
  "fields": {
    "name": "Salmon with Brown Rice",
    "description": "Omega-3 rich salmon with healthy brown rice",
    "meal_type": "lunch",
    "calories": 550,
    "protein": 38,
    "carbohydrates": 45,
    "fats": 25,
    "fiber": 6,
    "ingredients": "150g salmon fillet\n1 cup brown rice\nSteamed asparagus\nLemon butter sauce",
    "instructions": "Pan-sear or bake salmon. Cook brown rice. Steam asparagus. Serve together.",
    "image": "",
    "is_vegetarian": false,
    "is_vegan": false,
    "is_gluten_free": false,
    "created_at": "2026-06-12T23:21:52.216Z"
  }
},
{
  "model": "diet.meal",
  "pk": 8,
  "fields": {
    "name": "Lean Turkey Meatballs",
    "description": "High-protein turkey meatballs with zucchini noodles",
    "meal_type": "dinner",
    "calories": 420,
    "protein": 45,
    "carbohydrates": 15,
    "fats": 20,
    "fiber": 5,
    "ingredients": "150g lean ground turkey\nGarlic\nHerbs\nZucchini noodles\nMarinara sauce",
    "instructions": "Form turkey into meatballs. Bake or pan-cook. Spiralize zucchini. Serve with marinara.",
    "image": "",
    "is_vegetarian": false,
    "is_vegan": false,
    "is_gluten_free": false,
    "created_at": "2026-06-12T23:21:52.301Z"
  }
},
{
  "model": "diet.meal",
  "pk": 9,
  "fields": {
    "name": "Tofu Stir Fry",
    "description": "Plant-based protein stir fry with vegetables",
    "meal_type": "dinner",
    "calories": 380,
    "protein": 22,
    "carbohydrates": 35,
    "fats": 18,
    "fiber": 10,
    "ingredients": "200g firm tofu\nMixed bell peppers\nBroccoli\nCarrots\nSoy sauce\nGinger and garlic",
    "instructions": "Press and cube tofu. Stir-fry with vegetables. Add sauce and cook until coated.",
    "image": "",
    "is_vegetarian": true,
    "is_vegan": true,
    "is_gluten_free": false,
    "created_at": "2026-06-12T23:21:52.311Z"
  }
},
{
  "model": "diet.meal",
  "pk": 10,
  "fields": {
    "name": "Chicken Stir Fry",
    "description": "Quick and healthy chicken stir fry",
    "meal_type": "dinner",
    "calories": 450,
    "protein": 42,
    "carbohydrates": 30,
    "fats": 18,
    "fiber": 8,
    "ingredients": "150g chicken breast\nMixed vegetables\nSoy sauce\nGinger\nGarlic",
    "instructions": "Slice chicken thinly. Stir-fry with vegetables. Add sauce and cook through.",
    "image": "",
    "is_vegetarian": false,
    "is_vegan": false,
    "is_gluten_free": false,
    "created_at": "2026-06-12T23:21:52.321Z"
  }
},
{
  "model": "diet.meal",
  "pk": 11,
  "fields": {
    "name": "Apple with Peanut Butter",
    "description": "Simple and satisfying snack",
    "meal_type": "snack",
    "calories": 200,
    "protein": 7,
    "carbohydrates": 25,
    "fats": 10,
    "fiber": 5,
    "ingredients": "1 apple\n2 tbsp natural peanut butter",
    "instructions": "Slice apple. Serve with peanut butter for dipping.",
    "image": "",
    "is_vegetarian": true,
    "is_vegan": true,
    "is_gluten_free": false,
    "created_at": "2026-06-12T23:21:52.330Z"
  }
},
{
  "model": "diet.meal",
  "pk": 12,
  "fields": {
    "name": "Protein Shake",
    "description": "Quick protein boost",
    "meal_type": "snack",
    "calories": 150,
    "protein": 25,
    "carbohydrates": 8,
    "fats": 3,
    "fiber": 2,
    "ingredients": "1 scoop protein powder\n1 cup water or almond milk",
    "instructions": "Mix protein powder with liquid. Shake well.",
    "image": "",
    "is_vegetarian": true,
    "is_vegan": false,
    "is_gluten_free": false,
    "created_at": "2026-06-12T23:21:52.339Z"
  }
},
{
  "model": "diet.meal",
  "pk": 13,
  "fields": {
    "name": "Greek Yogurt",
    "description": "High-protein yogurt snack",
    "meal_type": "snack",
    "calories": 150,
    "protein": 20,
    "carbohydrates": 9,
    "fats": 5,
    "fiber": 0,
    "ingredients": "1 cup Greek yogurt\nOptional: honey or berries",
    "instructions": "Enjoy plain or with toppings.",
    "image": "",
    "is_vegetarian": true,
    "is_vegan": false,
    "is_gluten_free": false,
    "created_at": "2026-06-12T23:21:52.349Z"
  }
},
{
  "model": "diet.dietplan",
  "pk": 8,
  "fields": {
    "name": "Weight Loss Plan - Monday",
    "description": "Low-calorie plan for steady weight loss. Focus on whole foods and portion control.",
    "diet_goal": "weight_loss",
    "day_of_week": "monday",
    "breakfast": 4,
    "lunch": 5,
    "dinner": 9,
    "snack1": 11,
    "snack2": 12,
    "total_calories": 1430,
    "total_protein": 122,
    "total_carbs": 98,
    "total_fats": 63,
    "is_active": true,
    "created_at": "2026-06-12T23:28:59.391Z"
  }
},
{
  "model": "diet.dietplan",
  "pk": 9,
  "fields": {
    "name": "Weight Loss Plan - Tuesday",
    "description": "Low-calorie plan for steady weight loss. Focus on whole foods and portion control.",
    "diet_goal": "weight_loss",
    "day_of_week": "tuesday",
    "breakfast": 4,
    "lunch": 5,
    "dinner": 9,
    "snack1": 11,
    "snack2": 12,
    "total_calories": 1430,
    "total_protein": 122,
    "total_carbs": 98,
    "total_fats": 63,
    "is_active": true,
    "created_at": "2026-06-12T23:28:59.407Z"
  }
},
{
  "model": "diet.dietplan",
  "pk": 10,
  "fields": {
    "name": "Weight Loss Plan - Wednesday",
    "description": "Low-calorie plan for steady weight loss. Focus on whole foods and portion control.",
    "diet_goal": "weight_loss",
    "day_of_week": "wednesday",
    "breakfast": 4,
    "lunch": 5,
    "dinner": 9,
    "snack1": 11,
    "snack2": 12,
    "total_calories": 1430,
    "total_protein": 122,
    "total_carbs": 98,
    "total_fats": 63,
    "is_active": true,
    "created_at": "2026-06-12T23:28:59.407Z"
  }
},
{
  "model": "diet.dietplan",
  "pk": 11,
  "fields": {
    "name": "Weight Loss Plan - Thursday",
    "description": "Low-calorie plan for steady weight loss. Focus on whole foods and portion control.",
    "diet_goal": "weight_loss",
    "day_of_week": "thursday",
    "breakfast": 4,
    "lunch": 5,
    "dinner": 9,
    "snack1": 11,
    "snack2": 12,
    "total_calories": 1430,
    "total_protein": 122,
    "total_carbs": 98,
    "total_fats": 63,
    "is_active": true,
    "created_at": "2026-06-12T23:28:59.422Z"
  }
},
{
  "model": "diet.dietplan",
  "pk": 12,
  "fields": {
    "name": "Weight Loss Plan - Friday",
    "description": "Low-calorie plan for steady weight loss. Focus on whole foods and portion control.",
    "diet_goal": "weight_loss",
    "day_of_week": "friday",
    "breakfast": 4,
    "lunch": 5,
    "dinner": 9,
    "snack1": 11,
    "snack2": 12,
    "total_calories": 1430,
    "total_protein": 122,
    "total_carbs": 98,
    "total_fats": 63,
    "is_active": true,
    "created_at": "2026-06-12T23:28:59.422Z"
  }
},
{
  "model": "diet.dietplan",
  "pk": 13,
  "fields": {
    "name": "Weight Loss Plan - Saturday",
    "description": "Low-calorie plan for steady weight loss. Focus on whole foods and portion control.",
    "diet_goal": "weight_loss",
    "day_of_week": "saturday",
    "breakfast": 4,
    "lunch": 5,
    "dinner": 9,
    "snack1": 11,
    "snack2": 12,
    "total_calories": 1430,
    "total_protein": 122,
    "total_carbs": 98,
    "total_fats": 63,
    "is_active": true,
    "created_at": "2026-06-12T23:28:59.438Z"
  }
},
{
  "model": "diet.dietplan",
  "pk": 14,
  "fields": {
    "name": "Weight Loss Plan - Sunday",
    "description": "Low-calorie plan for steady weight loss. Focus on whole foods and portion control.",
    "diet_goal": "weight_loss",
    "day_of_week": "sunday",
    "breakfast": 4,
    "lunch": 5,
    "dinner": 9,
    "snack1": 11,
    "snack2": 12,
    "total_calories": 1430,
    "total_protein": 122,
    "total_carbs": 98,
    "total_fats": 63,
    "is_active": true,
    "created_at": "2026-06-12T23:28:59.438Z"
  }
},
{
  "model": "diet.dietplan",
  "pk": 15,
  "fields": {
    "name": "Weight Gain Plan - Monday",
    "description": "Calorie-dense meals for healthy weight gain. High protein and healthy fats.",
    "diet_goal": "weight_gain",
    "day_of_week": "monday",
    "breakfast": 3,
    "lunch": 7,
    "dinner": 10,
    "snack1": 12,
    "snack2": 13,
    "total_calories": 1700,
    "total_protein": 155,
    "total_carbs": 142,
    "total_fats": 63,
    "is_active": true,
    "created_at": "2026-06-12T23:28:59.516Z"
  }
},
{
  "model": "diet.dietplan",
  "pk": 16,
  "fields": {
    "name": "Weight Gain Plan - Tuesday",
    "description": "Calorie-dense meals for healthy weight gain. High protein and healthy fats.",
    "diet_goal": "weight_gain",
    "day_of_week": "tuesday",
    "breakfast": 3,
    "lunch": 7,
    "dinner": 10,
    "snack1": 12,
    "snack2": 13,
    "total_calories": 1700,
    "total_protein": 155,
    "total_carbs": 142,
    "total_fats": 63,
    "is_active": true,
    "created_at": "2026-06-12T23:28:59.516Z"
  }
},
{
  "model": "diet.dietplan",
  "pk": 17,
  "fields": {
    "name": "Weight Gain Plan - Wednesday",
    "description": "Calorie-dense meals for healthy weight gain. High protein and healthy fats.",
    "diet_goal": "weight_gain",
    "day_of_week": "wednesday",
    "breakfast": 3,
    "lunch": 7,
    "dinner": 10,
    "snack1": 12,
    "snack2": 13,
    "total_calories": 1700,
    "total_protein": 155,
    "total_carbs": 142,
    "total_fats": 63,
    "is_active": true,
    "created_at": "2026-06-12T23:28:59.532Z"
  }
},
{
  "model": "diet.dietplan",
  "pk": 18,
  "fields": {
    "name": "Weight Gain Plan - Thursday",
    "description": "Calorie-dense meals for healthy weight gain. High protein and healthy fats.",
    "diet_goal": "weight_gain",
    "day_of_week": "thursday",
    "breakfast": 3,
    "lunch": 7,
    "dinner": 10,
    "snack1": 12,
    "snack2": 13,
    "total_calories": 1700,
    "total_protein": 155,
    "total_carbs": 142,
    "total_fats": 63,
    "is_active": true,
    "created_at": "2026-06-12T23:28:59.532Z"
  }
},
{
  "model": "diet.dietplan",
  "pk": 19,
  "fields": {
    "name": "Weight Gain Plan - Friday",
    "description": "Calorie-dense meals for healthy weight gain. High protein and healthy fats.",
    "diet_goal": "weight_gain",
    "day_of_week": "friday",
    "breakfast": 3,
    "lunch": 7,
    "dinner": 10,
    "snack1": 12,
    "snack2": 13,
    "total_calories": 1700,
    "total_protein": 155,
    "total_carbs": 142,
    "total_fats": 63,
    "is_active": true,
    "created_at": "2026-06-12T23:28:59.547Z"
  }
},
{
  "model": "diet.dietplan",
  "pk": 20,
  "fields": {
    "name": "Weight Gain Plan - Saturday",
    "description": "Calorie-dense meals for healthy weight gain. High protein and healthy fats.",
    "diet_goal": "weight_gain",
    "day_of_week": "saturday",
    "breakfast": 3,
    "lunch": 7,
    "dinner": 10,
    "snack1": 12,
    "snack2": 13,
    "total_calories": 1700,
    "total_protein": 155,
    "total_carbs": 142,
    "total_fats": 63,
    "is_active": true,
    "created_at": "2026-06-12T23:28:59.547Z"
  }
},
{
  "model": "diet.dietplan",
  "pk": 21,
  "fields": {
    "name": "Weight Gain Plan - Sunday",
    "description": "Calorie-dense meals for healthy weight gain. High protein and healthy fats.",
    "diet_goal": "weight_gain",
    "day_of_week": "sunday",
    "breakfast": 3,
    "lunch": 7,
    "dinner": 10,
    "snack1": 12,
    "snack2": 13,
    "total_calories": 1700,
    "total_protein": 155,
    "total_carbs": 142,
    "total_fats": 63,
    "is_active": true,
    "created_at": "2026-06-12T23:28:59.563Z"
  }
},
{
  "model": "diet.dietplan",
  "pk": 22,
  "fields": {
    "name": "Muscle Gain Plan - Monday",
    "description": "High protein plan for muscle growth. Perfect for workout days.",
    "diet_goal": "muscle_gain",
    "day_of_week": "monday",
    "breakfast": 2,
    "lunch": 5,
    "dinner": 8,
    "snack1": 12,
    "snack2": 13,
    "total_calories": 1490,
    "total_protein": 155,
    "total_carbs": 87,
    "total_fats": 60,
    "is_active": true,
    "created_at": "2026-06-12T23:28:59.625Z"
  }
},
{
  "model": "diet.dietplan",
  "pk": 23,
  "fields": {
    "name": "Muscle Gain Plan - Tuesday",
    "description": "High protein plan for muscle growth. Perfect for workout days.",
    "diet_goal": "muscle_gain",
    "day_of_week": "tuesday",
    "breakfast": 2,
    "lunch": 5,
    "dinner": 8,
    "snack1": 12,
    "snack2": 13,
    "total_calories": 1490,
    "total_protein": 155,
    "total_carbs": 87,
    "total_fats": 60,
    "is_active": true,
    "created_at": "2026-06-12T23:28:59.641Z"
  }
},
{
  "model": "diet.dietplan",
  "pk": 24,
  "fields": {
    "name": "Muscle Gain Plan - Wednesday",
    "description": "High protein plan for muscle growth. Perfect for workout days.",
    "diet_goal": "muscle_gain",
    "day_of_week": "wednesday",
    "breakfast": 2,
    "lunch": 5,
    "dinner": 8,
    "snack1": 12,
    "snack2": 13,
    "total_calories": 1490,
    "total_protein": 155,
    "total_carbs": 87,
    "total_fats": 60,
    "is_active": true,
    "created_at": "2026-06-12T23:28:59.641Z"
  }
},
{
  "model": "diet.dietplan",
  "pk": 25,
  "fields": {
    "name": "Muscle Gain Plan - Thursday",
    "description": "High protein plan for muscle growth. Perfect for workout days.",
    "diet_goal": "muscle_gain",
    "day_of_week": "thursday",
    "breakfast": 2,
    "lunch": 5,
    "dinner": 8,
    "snack1": 12,
    "snack2": 13,
    "total_calories": 1490,
    "total_protein": 155,
    "total_carbs": 87,
    "total_fats": 60,
    "is_active": true,
    "created_at": "2026-06-12T23:28:59.657Z"
  }
},
{
  "model": "diet.dietplan",
  "pk": 26,
  "fields": {
    "name": "Muscle Gain Plan - Friday",
    "description": "High protein plan for muscle growth. Perfect for workout days.",
    "diet_goal": "muscle_gain",
    "day_of_week": "friday",
    "breakfast": 2,
    "lunch": 5,
    "dinner": 8,
    "snack1": 12,
    "snack2": 13,
    "total_calories": 1490,
    "total_protein": 155,
    "total_carbs": 87,
    "total_fats": 60,
    "is_active": true,
    "created_at": "2026-06-12T23:28:59.657Z"
  }
},
{
  "model": "diet.dietplan",
  "pk": 27,
  "fields": {
    "name": "Muscle Gain Plan - Saturday",
    "description": "High protein plan for muscle growth. Perfect for workout days.",
    "diet_goal": "muscle_gain",
    "day_of_week": "saturday",
    "breakfast": 2,
    "lunch": 5,
    "dinner": 8,
    "snack1": 12,
    "snack2": 13,
    "total_calories": 1490,
    "total_protein": 155,
    "total_carbs": 87,
    "total_fats": 60,
    "is_active": true,
    "created_at": "2026-06-12T23:28:59.672Z"
  }
},
{
  "model": "diet.dietplan",
  "pk": 28,
  "fields": {
    "name": "Muscle Gain Plan - Sunday",
    "description": "High protein plan for muscle growth. Perfect for workout days.",
    "diet_goal": "muscle_gain",
    "day_of_week": "sunday",
    "breakfast": 2,
    "lunch": 5,
    "dinner": 8,
    "snack1": 12,
    "snack2": 13,
    "total_calories": 1490,
    "total_protein": 155,
    "total_carbs": 87,
    "total_fats": 60,
    "is_active": true,
    "created_at": "2026-06-12T23:28:59.672Z"
  }
},
{
  "model": "diet.dietplan",
  "pk": 29,
  "fields": {
    "name": "Maintenance Plan - Monday",
    "description": "Balanced meals for maintaining healthy weight. Perfectly portioned.",
    "diet_goal": "maintenance",
    "day_of_week": "monday",
    "breakfast": 1,
    "lunch": 6,
    "dinner": 9,
    "snack1": 11,
    "snack2": 13,
    "total_calories": 1580,
    "total_protein": 79,
    "total_carbs": 194,
    "total_fats": 59,
    "is_active": true,
    "created_at": "2026-06-12T23:28:59.735Z"
  }
},
{
  "model": "diet.dietplan",
  "pk": 30,
  "fields": {
    "name": "Maintenance Plan - Tuesday",
    "description": "Balanced meals for maintaining healthy weight. Perfectly portioned.",
    "diet_goal": "maintenance",
    "day_of_week": "tuesday",
    "breakfast": 1,
    "lunch": 6,
    "dinner": 9,
    "snack1": 11,
    "snack2": 13,
    "total_calories": 1580,
    "total_protein": 79,
    "total_carbs": 194,
    "total_fats": 59,
    "is_active": true,
    "created_at": "2026-06-12T23:28:59.750Z"
  }
},
{
  "model": "diet.dietplan",
  "pk": 31,
  "fields": {
    "name": "Maintenance Plan - Wednesday",
    "description": "Balanced meals for maintaining healthy weight. Perfectly portioned.",
    "diet_goal": "maintenance",
    "day_of_week": "wednesday",
    "breakfast": 1,
    "lunch": 6,
    "dinner": 9,
    "snack1": 11,
    "snack2": 13,
    "total_calories": 1580,
    "total_protein": 79,
    "total_carbs": 194,
    "total_fats": 59,
    "is_active": true,
    "created_at": "2026-06-12T23:28:59.750Z"
  }
},
{
  "model": "diet.dietplan",
  "pk": 32,
  "fields": {
    "name": "Maintenance Plan - Thursday",
    "description": "Balanced meals for maintaining healthy weight. Perfectly portioned.",
    "diet_goal": "maintenance",
    "day_of_week": "thursday",
    "breakfast": 1,
    "lunch": 6,
    "dinner": 9,
    "snack1": 11,
    "snack2": 13,
    "total_calories": 1580,
    "total_protein": 79,
    "total_carbs": 194,
    "total_fats": 59,
    "is_active": true,
    "created_at": "2026-06-12T23:28:59.766Z"
  }
},
{
  "model": "diet.dietplan",
  "pk": 33,
  "fields": {
    "name": "Maintenance Plan - Friday",
    "description": "Balanced meals for maintaining healthy weight. Perfectly portioned.",
    "diet_goal": "maintenance",
    "day_of_week": "friday",
    "breakfast": 1,
    "lunch": 6,
    "dinner": 9,
    "snack1": 11,
    "snack2": 13,
    "total_calories": 1580,
    "total_protein": 79,
    "total_carbs": 194,
    "total_fats": 59,
    "is_active": true,
    "created_at": "2026-06-12T23:28:59.766Z"
  }
},
{
  "model": "diet.dietplan",
  "pk": 34,
  "fields": {
    "name": "Maintenance Plan - Saturday",
    "description": "Balanced meals for maintaining healthy weight. Perfectly portioned.",
    "diet_goal": "maintenance",
    "day_of_week": "saturday",
    "breakfast": 1,
    "lunch": 6,
    "dinner": 9,
    "snack1": 11,
    "snack2": 13,
    "total_calories": 1580,
    "total_protein": 79,
    "total_carbs": 194,
    "total_fats": 59,
    "is_active": true,
    "created_at": "2026-06-12T23:28:59.782Z"
  }
},
{
  "model": "diet.dietplan",
  "pk": 35,
  "fields": {
    "name": "Maintenance Plan - Sunday",
    "description": "Balanced meals for maintaining healthy weight. Perfectly portioned.",
    "diet_goal": "maintenance",
    "day_of_week": "sunday",
    "breakfast": 1,
    "lunch": 6,
    "dinner": 9,
    "snack1": 11,
    "snack2": 13,
    "total_calories": 1580,
    "total_protein": 79,
    "total_carbs": 194,
    "total_fats": 59,
    "is_active": true,
    "created_at": "2026-06-12T23:28:59.782Z"
  }
},
{
  "model": "notifications.newslettersubscriber",
  "pk": 4,
  "fields": {
    "email": "sandy@gmail.com",
    "subscribed_at": "2026-06-14T05:23:55.301Z",
    "is_active": true
  }
},
{
  "model": "notifications.newslettersubscriber",
  "pk": 7,
  "fields": {
    "email": "rahul@gmail.com",
    "subscribed_at": "2026-06-14T05:45:49.045Z",
    "is_active": true
  }
},
{
  "model": "notifications.newslettersubscriber",
  "pk": 8,
  "fields": {
    "email": "librarian@example.com",
    "subscribed_at": "2026-06-14T05:50:06.132Z",
    "is_active": true
  }
},
{
  "model": "notifications.newslettersubscriber",
  "pk": 9,
  "fields": {
    "email": "iqra@gmail.com",
    "subscribed_at": "2026-06-14T05:53:35.465Z",
    "is_active": true
  }
},
{
  "model": "notifications.newslettersubscriber",
  "pk": 10,
  "fields": {
    "email": "taqdisgolandaz@gmail.com",
    "subscribed_at": "2026-06-15T07:16:50.691Z",
    "is_active": true
  }
},
{
  "model": "notifications.newslettersubscriber",
  "pk": 11,
  "fields": {
    "email": "taqdeesgolandaz03@gmail.com",
    "subscribed_at": "2026-06-15T10:07:11.860Z",
    "is_active": true
  }
},
{
  "model": "notifications.newslettersubscriber",
  "pk": 12,
  "fields": {
    "email": "taqdiskhan0313@gmail.com",
    "subscribed_at": "2026-06-16T08:53:52.862Z",
    "is_active": true
  }
},
{
  "model": "notifications.newslettersubscriber",
  "pk": 13,
  "fields": {
    "email": "roy@gmail.com",
    "subscribed_at": "2026-06-16T09:46:54.902Z",
    "is_active": true
  }
},
{
  "model": "notifications.newslettersubscriber",
  "pk": 14,
  "fields": {
    "email": "rohit@gmail.com",
    "subscribed_at": "2026-06-16T09:49:48.161Z",
    "is_active": true
  }
},
{
  "model": "notifications.newslettersubscriber",
  "pk": 15,
  "fields": {
    "email": "iqra@mail.com",
    "subscribed_at": "2026-06-16T09:50:09.347Z",
    "is_active": true
  }
},
{
  "model": "notifications.newslettersubscriber",
  "pk": 17,
  "fields": {
    "email": "robin@example.com",
    "subscribed_at": "2026-06-16T10:19:08.282Z",
    "is_active": true
  }
},
{
  "model": "notifications.newslettersubscriber",
  "pk": 18,
  "fields": {
    "email": "rohu@gmail.com",
    "subscribed_at": "2026-06-16T12:00:38.877Z",
    "is_active": true
  }
},
{
  "model": "notifications.newslettersubscriber",
  "pk": 19,
  "fields": {
    "email": "bobby@gmail.com",
    "subscribed_at": "2026-06-16T13:17:44.749Z",
    "is_active": true
  }
},
{
  "model": "auth.permission",
  "fields": {
    "name": "Can add log entry",
    "content_type": [
      "admin",
      "logentry"
    ],
    "codename": "add_logentry"
  }
},
{
  "model": "auth.permission",
  "fields": {
    "name": "Can change log entry",
    "content_type": [
      "admin",
      "logentry"
    ],
    "codename": "change_logentry"
  }
},
{
  "model": "auth.permission",
  "fields": {
    "name": "Can delete log entry",
    "content_type": [
      "admin",
      "logentry"
    ],
    "codename": "delete_logentry"
  }
},
{
  "model": "auth.permission",
  "fields": {
    "name": "Can view log entry",
    "content_type": [
      "admin",
      "logentry"
    ],
    "codename": "view_logentry"
  }
},
{
  "model": "auth.permission",
  "fields": {
    "name": "Can add permission",
    "content_type": [
      "auth",
      "permission"
    ],
    "codename": "add_permission"
  }
},
{
  "model": "auth.permission",
  "fields": {
    "name": "Can change permission",
    "content_type": [
      "auth",
      "permission"
    ],
    "codename": "change_permission"
  }
},
{
  "model": "auth.permission",
  "fields": {
    "name": "Can delete permission",
    "content_type": [
      "auth",
      "permission"
    ],
    "codename": "delete_permission"
  }
},
{
  "model": "auth.permission",
  "fields": {
    "name": "Can view permission",
    "content_type": [
      "auth",
      "permission"
    ],
    "codename": "view_permission"
  }
},
{
  "model": "auth.permission",
  "fields": {
    "name": "Can add group",
    "content_type": [
      "auth",
      "group"
    ],
    "codename": "add_group"
  }
},
{
  "model": "auth.permission",
  "fields": {
    "name": "Can change group",
    "content_type": [
      "auth",
      "group"
    ],
    "codename": "change_group"
  }
},
{
  "model": "auth.permission",
  "fields": {
    "name": "Can delete group",
    "content_type": [
      "auth",
      "group"
    ],
    "codename": "delete_group"
  }
},
{
  "model": "auth.permission",
  "fields": {
    "name": "Can view group",
    "content_type": [
      "auth",
      "group"
    ],
    "codename": "view_group"
  }
},
{
  "model": "auth.permission",
  "fields": {
    "name": "Can add content type",
    "content_type": [
      "contenttypes",
      "contenttype"
    ],
    "codename": "add_contenttype"
  }
},
{
  "model": "auth.permission",
  "fields": {
    "name": "Can change content type",
    "content_type": [
      "contenttypes",
      "contenttype"
    ],
    "codename": "change_contenttype"
  }
},
{
  "model": "auth.permission",
  "fields": {
    "name": "Can delete content type",
    "content_type": [
      "contenttypes",
      "contenttype"
    ],
    "codename": "delete_contenttype"
  }
},
{
  "model": "auth.permission",
  "fields": {
    "name": "Can view content type",
    "content_type": [
      "contenttypes",
      "contenttype"
    ],
    "codename": "view_contenttype"
  }
},
{
  "model": "auth.permission",
  "fields": {
    "name": "Can add session",
    "content_type": [
      "sessions",
      "session"
    ],
    "codename": "add_session"
  }
},
{
  "model": "auth.permission",
  "fields": {
    "name": "Can change session",
    "content_type": [
      "sessions",
      "session"
    ],
    "codename": "change_session"
  }
},
{
  "model": "auth.permission",
  "fields": {
    "name": "Can delete session",
    "content_type": [
      "sessions",
      "session"
    ],
    "codename": "delete_session"
  }
},
{
  "model": "auth.permission",
  "fields": {
    "name": "Can view session",
    "content_type": [
      "sessions",
      "session"
    ],
    "codename": "view_session"
  }
},
{
  "model": "auth.permission",
  "fields": {
    "name": "Can add Support Message",
    "content_type": [
      "support",
      "supportmessage"
    ],
    "codename": "add_supportmessage"
  }
},
{
  "model": "auth.permission",
  "fields": {
    "name": "Can change Support Message",
    "content_type": [
      "support",
      "supportmessage"
    ],
    "codename": "change_supportmessage"
  }
},
{
  "model": "auth.permission",
  "fields": {
    "name": "Can delete Support Message",
    "content_type": [
      "support",
      "supportmessage"
    ],
    "codename": "delete_supportmessage"
  }
},
{
  "model": "auth.permission",
  "fields": {
    "name": "Can view Support Message",
    "content_type": [
      "support",
      "supportmessage"
    ],
    "codename": "view_supportmessage"
  }
},
{
  "model": "auth.permission",
  "fields": {
    "name": "Can add site",
    "content_type": [
      "sites",
      "site"
    ],
    "codename": "add_site"
  }
},
{
  "model": "auth.permission",
  "fields": {
    "name": "Can change site",
    "content_type": [
      "sites",
      "site"
    ],
    "codename": "change_site"
  }
},
{
  "model": "auth.permission",
  "fields": {
    "name": "Can delete site",
    "content_type": [
      "sites",
      "site"
    ],
    "codename": "delete_site"
  }
},
{
  "model": "auth.permission",
  "fields": {
    "name": "Can view site",
    "content_type": [
      "sites",
      "site"
    ],
    "codename": "view_site"
  }
},
{
  "model": "auth.permission",
  "fields": {
    "name": "Can add email address",
    "content_type": [
      "account",
      "emailaddress"
    ],
    "codename": "add_emailaddress"
  }
},
{
  "model": "auth.permission",
  "fields": {
    "name": "Can change email address",
    "content_type": [
      "account",
      "emailaddress"
    ],
    "codename": "change_emailaddress"
  }
},
{
  "model": "auth.permission",
  "fields": {
    "name": "Can delete email address",
    "content_type": [
      "account",
      "emailaddress"
    ],
    "codename": "delete_emailaddress"
  }
},
{
  "model": "auth.permission",
  "fields": {
    "name": "Can view email address",
    "content_type": [
      "account",
      "emailaddress"
    ],
    "codename": "view_emailaddress"
  }
},
{
  "model": "auth.permission",
  "fields": {
    "name": "Can add email confirmation",
    "content_type": [
      "account",
      "emailconfirmation"
    ],
    "codename": "add_emailconfirmation"
  }
},
{
  "model": "auth.permission",
  "fields": {
    "name": "Can change email confirmation",
    "content_type": [
      "account",
      "emailconfirmation"
    ],
    "codename": "change_emailconfirmation"
  }
},
{
  "model": "auth.permission",
  "fields": {
    "name": "Can delete email confirmation",
    "content_type": [
      "account",
      "emailconfirmation"
    ],
    "codename": "delete_emailconfirmation"
  }
},
{
  "model": "auth.permission",
  "fields": {
    "name": "Can view email confirmation",
    "content_type": [
      "account",
      "emailconfirmation"
    ],
    "codename": "view_emailconfirmation"
  }
},
{
  "model": "auth.permission",
  "fields": {
    "name": "Can add social account",
    "content_type": [
      "socialaccount",
      "socialaccount"
    ],
    "codename": "add_socialaccount"
  }
},
{
  "model": "auth.permission",
  "fields": {
    "name": "Can change social account",
    "content_type": [
      "socialaccount",
      "socialaccount"
    ],
    "codename": "change_socialaccount"
  }
},
{
  "model": "auth.permission",
  "fields": {
    "name": "Can delete social account",
    "content_type": [
      "socialaccount",
      "socialaccount"
    ],
    "codename": "delete_socialaccount"
  }
},
{
  "model": "auth.permission",
  "fields": {
    "name": "Can view social account",
    "content_type": [
      "socialaccount",
      "socialaccount"
    ],
    "codename": "view_socialaccount"
  }
},
{
  "model": "auth.permission",
  "fields": {
    "name": "Can add social application",
    "content_type": [
      "socialaccount",
      "socialapp"
    ],
    "codename": "add_socialapp"
  }
},
{
  "model": "auth.permission",
  "fields": {
    "name": "Can change social application",
    "content_type": [
      "socialaccount",
      "socialapp"
    ],
    "codename": "change_socialapp"
  }
},
{
  "model": "auth.permission",
  "fields": {
    "name": "Can delete social application",
    "content_type": [
      "socialaccount",
      "socialapp"
    ],
    "codename": "delete_socialapp"
  }
},
{
  "model": "auth.permission",
  "fields": {
    "name": "Can view social application",
    "content_type": [
      "socialaccount",
      "socialapp"
    ],
    "codename": "view_socialapp"
  }
},
{
  "model": "auth.permission",
  "fields": {
    "name": "Can add social application token",
    "content_type": [
      "socialaccount",
      "socialtoken"
    ],
    "codename": "add_socialtoken"
  }
},
{
  "model": "auth.permission",
  "fields": {
    "name": "Can change social application token",
    "content_type": [
      "socialaccount",
      "socialtoken"
    ],
    "codename": "change_socialtoken"
  }
},
{
  "model": "auth.permission",
  "fields": {
    "name": "Can delete social application token",
    "content_type": [
      "socialaccount",
      "socialtoken"
    ],
    "codename": "delete_socialtoken"
  }
},
{
  "model": "auth.permission",
  "fields": {
    "name": "Can view social application token",
    "content_type": [
      "socialaccount",
      "socialtoken"
    ],
    "codename": "view_socialtoken"
  }
},
{
  "model": "auth.permission",
  "fields": {
    "name": "Can add User",
    "content_type": [
      "accounts",
      "customuser"
    ],
    "codename": "add_customuser"
  }
},
{
  "model": "auth.permission",
  "fields": {
    "name": "Can change User",
    "content_type": [
      "accounts",
      "customuser"
    ],
    "codename": "change_customuser"
  }
},
{
  "model": "auth.permission",
  "fields": {
    "name": "Can delete User",
    "content_type": [
      "accounts",
      "customuser"
    ],
    "codename": "delete_customuser"
  }
},
{
  "model": "auth.permission",
  "fields": {
    "name": "Can view User",
    "content_type": [
      "accounts",
      "customuser"
    ],
    "codename": "view_customuser"
  }
},
{
  "model": "auth.permission",
  "fields": {
    "name": "Can add Membership Plan",
    "content_type": [
      "membership",
      "membershipplan"
    ],
    "codename": "add_membershipplan"
  }
},
{
  "model": "auth.permission",
  "fields": {
    "name": "Can change Membership Plan",
    "content_type": [
      "membership",
      "membershipplan"
    ],
    "codename": "change_membershipplan"
  }
},
{
  "model": "auth.permission",
  "fields": {
    "name": "Can delete Membership Plan",
    "content_type": [
      "membership",
      "membershipplan"
    ],
    "codename": "delete_membershipplan"
  }
},
{
  "model": "auth.permission",
  "fields": {
    "name": "Can view Membership Plan",
    "content_type": [
      "membership",
      "membershipplan"
    ],
    "codename": "view_membershipplan"
  }
},
{
  "model": "auth.permission",
  "fields": {
    "name": "Can add User Membership",
    "content_type": [
      "membership",
      "usermembership"
    ],
    "codename": "add_usermembership"
  }
},
{
  "model": "auth.permission",
  "fields": {
    "name": "Can change User Membership",
    "content_type": [
      "membership",
      "usermembership"
    ],
    "codename": "change_usermembership"
  }
},
{
  "model": "auth.permission",
  "fields": {
    "name": "Can delete User Membership",
    "content_type": [
      "membership",
      "usermembership"
    ],
    "codename": "delete_usermembership"
  }
},
{
  "model": "auth.permission",
  "fields": {
    "name": "Can view User Membership",
    "content_type": [
      "membership",
      "usermembership"
    ],
    "codename": "view_usermembership"
  }
},
{
  "model": "auth.permission",
  "fields": {
    "name": "Can add Bank Account",
    "content_type": [
      "payments",
      "bankaccount"
    ],
    "codename": "add_bankaccount"
  }
},
{
  "model": "auth.permission",
  "fields": {
    "name": "Can change Bank Account",
    "content_type": [
      "payments",
      "bankaccount"
    ],
    "codename": "change_bankaccount"
  }
},
{
  "model": "auth.permission",
  "fields": {
    "name": "Can delete Bank Account",
    "content_type": [
      "payments",
      "bankaccount"
    ],
    "codename": "delete_bankaccount"
  }
},
{
  "model": "auth.permission",
  "fields": {
    "name": "Can view Bank Account",
    "content_type": [
      "payments",
      "bankaccount"
    ],
    "codename": "view_bankaccount"
  }
},
{
  "model": "auth.permission",
  "fields": {
    "name": "Can add Payment",
    "content_type": [
      "payments",
      "payment"
    ],
    "codename": "add_payment"
  }
},
{
  "model": "auth.permission",
  "fields": {
    "name": "Can change Payment",
    "content_type": [
      "payments",
      "payment"
    ],
    "codename": "change_payment"
  }
},
{
  "model": "auth.permission",
  "fields": {
    "name": "Can delete Payment",
    "content_type": [
      "payments",
      "payment"
    ],
    "codename": "delete_payment"
  }
},
{
  "model": "auth.permission",
  "fields": {
    "name": "Can view Payment",
    "content_type": [
      "payments",
      "payment"
    ],
    "codename": "view_payment"
  }
},
{
  "model": "auth.permission",
  "fields": {
    "name": "Can add workout category",
    "content_type": [
      "workouts",
      "workoutcategory"
    ],
    "codename": "add_workoutcategory"
  }
},
{
  "model": "auth.permission",
  "fields": {
    "name": "Can change workout category",
    "content_type": [
      "workouts",
      "workoutcategory"
    ],
    "codename": "change_workoutcategory"
  }
},
{
  "model": "auth.permission",
  "fields": {
    "name": "Can delete workout category",
    "content_type": [
      "workouts",
      "workoutcategory"
    ],
    "codename": "delete_workoutcategory"
  }
},
{
  "model": "auth.permission",
  "fields": {
    "name": "Can view workout category",
    "content_type": [
      "workouts",
      "workoutcategory"
    ],
    "codename": "view_workoutcategory"
  }
},
{
  "model": "auth.permission",
  "fields": {
    "name": "Can add exercise",
    "content_type": [
      "workouts",
      "exercise"
    ],
    "codename": "add_exercise"
  }
},
{
  "model": "auth.permission",
  "fields": {
    "name": "Can change exercise",
    "content_type": [
      "workouts",
      "exercise"
    ],
    "codename": "change_exercise"
  }
},
{
  "model": "auth.permission",
  "fields": {
    "name": "Can delete exercise",
    "content_type": [
      "workouts",
      "exercise"
    ],
    "codename": "delete_exercise"
  }
},
{
  "model": "auth.permission",
  "fields": {
    "name": "Can view exercise",
    "content_type": [
      "workouts",
      "exercise"
    ],
    "codename": "view_exercise"
  }
},
{
  "model": "auth.permission",
  "fields": {
    "name": "Can add workout plan",
    "content_type": [
      "workouts",
      "workoutplan"
    ],
    "codename": "add_workoutplan"
  }
},
{
  "model": "auth.permission",
  "fields": {
    "name": "Can change workout plan",
    "content_type": [
      "workouts",
      "workoutplan"
    ],
    "codename": "change_workoutplan"
  }
},
{
  "model": "auth.permission",
  "fields": {
    "name": "Can delete workout plan",
    "content_type": [
      "workouts",
      "workoutplan"
    ],
    "codename": "delete_workoutplan"
  }
},
{
  "model": "auth.permission",
  "fields": {
    "name": "Can view workout plan",
    "content_type": [
      "workouts",
      "workoutplan"
    ],
    "codename": "view_workoutplan"
  }
},
{
  "model": "auth.permission",
  "fields": {
    "name": "Can add workout plan exercise",
    "content_type": [
      "workouts",
      "workoutplanexercise"
    ],
    "codename": "add_workoutplanexercise"
  }
},
{
  "model": "auth.permission",
  "fields": {
    "name": "Can change workout plan exercise",
    "content_type": [
      "workouts",
      "workoutplanexercise"
    ],
    "codename": "change_workoutplanexercise"
  }
},
{
  "model": "auth.permission",
  "fields": {
    "name": "Can delete workout plan exercise",
    "content_type": [
      "workouts",
      "workoutplanexercise"
    ],
    "codename": "delete_workoutplanexercise"
  }
},
{
  "model": "auth.permission",
  "fields": {
    "name": "Can view workout plan exercise",
    "content_type": [
      "workouts",
      "workoutplanexercise"
    ],
    "codename": "view_workoutplanexercise"
  }
},
{
  "model": "auth.permission",
  "fields": {
    "name": "Can add user workout progress",
    "content_type": [
      "workouts",
      "userworkoutprogress"
    ],
    "codename": "add_userworkoutprogress"
  }
},
{
  "model": "auth.permission",
  "fields": {
    "name": "Can change user workout progress",
    "content_type": [
      "workouts",
      "userworkoutprogress"
    ],
    "codename": "change_userworkoutprogress"
  }
},
{
  "model": "auth.permission",
  "fields": {
    "name": "Can delete user workout progress",
    "content_type": [
      "workouts",
      "userworkoutprogress"
    ],
    "codename": "delete_userworkoutprogress"
  }
},
{
  "model": "auth.permission",
  "fields": {
    "name": "Can view user workout progress",
    "content_type": [
      "workouts",
      "userworkoutprogress"
    ],
    "codename": "view_userworkoutprogress"
  }
},
{
  "model": "auth.permission",
  "fields": {
    "name": "Can add diet category",
    "content_type": [
      "diet",
      "dietcategory"
    ],
    "codename": "add_dietcategory"
  }
},
{
  "model": "auth.permission",
  "fields": {
    "name": "Can change diet category",
    "content_type": [
      "diet",
      "dietcategory"
    ],
    "codename": "change_dietcategory"
  }
},
{
  "model": "auth.permission",
  "fields": {
    "name": "Can delete diet category",
    "content_type": [
      "diet",
      "dietcategory"
    ],
    "codename": "delete_dietcategory"
  }
},
{
  "model": "auth.permission",
  "fields": {
    "name": "Can view diet category",
    "content_type": [
      "diet",
      "dietcategory"
    ],
    "codename": "view_dietcategory"
  }
},
{
  "model": "auth.permission",
  "fields": {
    "name": "Can add meal",
    "content_type": [
      "diet",
      "meal"
    ],
    "codename": "add_meal"
  }
},
{
  "model": "auth.permission",
  "fields": {
    "name": "Can change meal",
    "content_type": [
      "diet",
      "meal"
    ],
    "codename": "change_meal"
  }
},
{
  "model": "auth.permission",
  "fields": {
    "name": "Can delete meal",
    "content_type": [
      "diet",
      "meal"
    ],
    "codename": "delete_meal"
  }
},
{
  "model": "auth.permission",
  "fields": {
    "name": "Can view meal",
    "content_type": [
      "diet",
      "meal"
    ],
    "codename": "view_meal"
  }
},
{
  "model": "auth.permission",
  "fields": {
    "name": "Can add diet plan",
    "content_type": [
      "diet",
      "dietplan"
    ],
    "codename": "add_dietplan"
  }
},
{
  "model": "auth.permission",
  "fields": {
    "name": "Can change diet plan",
    "content_type": [
      "diet",
      "dietplan"
    ],
    "codename": "change_dietplan"
  }
},
{
  "model": "auth.permission",
  "fields": {
    "name": "Can delete diet plan",
    "content_type": [
      "diet",
      "dietplan"
    ],
    "codename": "delete_dietplan"
  }
},
{
  "model": "auth.permission",
  "fields": {
    "name": "Can view diet plan",
    "content_type": [
      "diet",
      "dietplan"
    ],
    "codename": "view_dietplan"
  }
},
{
  "model": "auth.permission",
  "fields": {
    "name": "Can add user diet progress",
    "content_type": [
      "diet",
      "userdietprogress"
    ],
    "codename": "add_userdietprogress"
  }
},
{
  "model": "auth.permission",
  "fields": {
    "name": "Can change user diet progress",
    "content_type": [
      "diet",
      "userdietprogress"
    ],
    "codename": "change_userdietprogress"
  }
},
{
  "model": "auth.permission",
  "fields": {
    "name": "Can delete user diet progress",
    "content_type": [
      "diet",
      "userdietprogress"
    ],
    "codename": "delete_userdietprogress"
  }
},
{
  "model": "auth.permission",
  "fields": {
    "name": "Can view user diet progress",
    "content_type": [
      "diet",
      "userdietprogress"
    ],
    "codename": "view_userdietprogress"
  }
},
{
  "model": "auth.permission",
  "fields": {
    "name": "Can add Fitness Goal",
    "content_type": [
      "tracking",
      "userfitnessgoal"
    ],
    "codename": "add_userfitnessgoal"
  }
},
{
  "model": "auth.permission",
  "fields": {
    "name": "Can change Fitness Goal",
    "content_type": [
      "tracking",
      "userfitnessgoal"
    ],
    "codename": "change_userfitnessgoal"
  }
},
{
  "model": "auth.permission",
  "fields": {
    "name": "Can delete Fitness Goal",
    "content_type": [
      "tracking",
      "userfitnessgoal"
    ],
    "codename": "delete_userfitnessgoal"
  }
},
{
  "model": "auth.permission",
  "fields": {
    "name": "Can view Fitness Goal",
    "content_type": [
      "tracking",
      "userfitnessgoal"
    ],
    "codename": "view_userfitnessgoal"
  }
},
{
  "model": "auth.permission",
  "fields": {
    "name": "Can add workout log",
    "content_type": [
      "tracking",
      "workoutlog"
    ],
    "codename": "add_workoutlog"
  }
},
{
  "model": "auth.permission",
  "fields": {
    "name": "Can change workout log",
    "content_type": [
      "tracking",
      "workoutlog"
    ],
    "codename": "change_workoutlog"
  }
},
{
  "model": "auth.permission",
  "fields": {
    "name": "Can delete workout log",
    "content_type": [
      "tracking",
      "workoutlog"
    ],
    "codename": "delete_workoutlog"
  }
},
{
  "model": "auth.permission",
  "fields": {
    "name": "Can view workout log",
    "content_type": [
      "tracking",
      "workoutlog"
    ],
    "codename": "view_workoutlog"
  }
},
{
  "model": "auth.permission",
  "fields": {
    "name": "Can add fitness progress",
    "content_type": [
      "tracking",
      "fitnessprogress"
    ],
    "codename": "add_fitnessprogress"
  }
},
{
  "model": "auth.permission",
  "fields": {
    "name": "Can change fitness progress",
    "content_type": [
      "tracking",
      "fitnessprogress"
    ],
    "codename": "change_fitnessprogress"
  }
},
{
  "model": "auth.permission",
  "fields": {
    "name": "Can delete fitness progress",
    "content_type": [
      "tracking",
      "fitnessprogress"
    ],
    "codename": "delete_fitnessprogress"
  }
},
{
  "model": "auth.permission",
  "fields": {
    "name": "Can view fitness progress",
    "content_type": [
      "tracking",
      "fitnessprogress"
    ],
    "codename": "view_fitnessprogress"
  }
},
{
  "model": "auth.permission",
  "fields": {
    "name": "Can add trainer",
    "content_type": [
      "trainers",
      "trainer"
    ],
    "codename": "add_trainer"
  }
},
{
  "model": "auth.permission",
  "fields": {
    "name": "Can change trainer",
    "content_type": [
      "trainers",
      "trainer"
    ],
    "codename": "change_trainer"
  }
},
{
  "model": "auth.permission",
  "fields": {
    "name": "Can delete trainer",
    "content_type": [
      "trainers",
      "trainer"
    ],
    "codename": "delete_trainer"
  }
},
{
  "model": "auth.permission",
  "fields": {
    "name": "Can view trainer",
    "content_type": [
      "trainers",
      "trainer"
    ],
    "codename": "view_trainer"
  }
},
{
  "model": "auth.permission",
  "fields": {
    "name": "Can add trainer session",
    "content_type": [
      "trainers",
      "trainersession"
    ],
    "codename": "add_trainersession"
  }
},
{
  "model": "auth.permission",
  "fields": {
    "name": "Can change trainer session",
    "content_type": [
      "trainers",
      "trainersession"
    ],
    "codename": "change_trainersession"
  }
},
{
  "model": "auth.permission",
  "fields": {
    "name": "Can delete trainer session",
    "content_type": [
      "trainers",
      "trainersession"
    ],
    "codename": "delete_trainersession"
  }
},
{
  "model": "auth.permission",
  "fields": {
    "name": "Can view trainer session",
    "content_type": [
      "trainers",
      "trainersession"
    ],
    "codename": "view_trainersession"
  }
},
{
  "model": "auth.permission",
  "fields": {
    "name": "Can add trainer review",
    "content_type": [
      "trainers",
      "trainerreview"
    ],
    "codename": "add_trainerreview"
  }
},
{
  "model": "auth.permission",
  "fields": {
    "name": "Can change trainer review",
    "content_type": [
      "trainers",
      "trainerreview"
    ],
    "codename": "change_trainerreview"
  }
},
{
  "model": "auth.permission",
  "fields": {
    "name": "Can delete trainer review",
    "content_type": [
      "trainers",
      "trainerreview"
    ],
    "codename": "delete_trainerreview"
  }
},
{
  "model": "auth.permission",
  "fields": {
    "name": "Can view trainer review",
    "content_type": [
      "trainers",
      "trainerreview"
    ],
    "codename": "view_trainerreview"
  }
},
{
  "model": "auth.permission",
  "fields": {
    "name": "Can add email log",
    "content_type": [
      "notifications",
      "emaillog"
    ],
    "codename": "add_emaillog"
  }
},
{
  "model": "auth.permission",
  "fields": {
    "name": "Can change email log",
    "content_type": [
      "notifications",
      "emaillog"
    ],
    "codename": "change_emaillog"
  }
},
{
  "model": "auth.permission",
  "fields": {
    "name": "Can delete email log",
    "content_type": [
      "notifications",
      "emaillog"
    ],
    "codename": "delete_emaillog"
  }
},
{
  "model": "auth.permission",
  "fields": {
    "name": "Can view email log",
    "content_type": [
      "notifications",
      "emaillog"
    ],
    "codename": "view_emaillog"
  }
},
{
  "model": "auth.permission",
  "fields": {
    "name": "Can add notification",
    "content_type": [
      "notifications",
      "notification"
    ],
    "codename": "add_notification"
  }
},
{
  "model": "auth.permission",
  "fields": {
    "name": "Can change notification",
    "content_type": [
      "notifications",
      "notification"
    ],
    "codename": "change_notification"
  }
},
{
  "model": "auth.permission",
  "fields": {
    "name": "Can delete notification",
    "content_type": [
      "notifications",
      "notification"
    ],
    "codename": "delete_notification"
  }
},
{
  "model": "auth.permission",
  "fields": {
    "name": "Can view notification",
    "content_type": [
      "notifications",
      "notification"
    ],
    "codename": "view_notification"
  }
},
{
  "model": "auth.permission",
  "fields": {
    "name": "Can add Newsletter Subscriber",
    "content_type": [
      "notifications",
      "newslettersubscriber"
    ],
    "codename": "add_newslettersubscriber"
  }
},
{
  "model": "auth.permission",
  "fields": {
    "name": "Can change Newsletter Subscriber",
    "content_type": [
      "notifications",
      "newslettersubscriber"
    ],
    "codename": "change_newslettersubscriber"
  }
},
{
  "model": "auth.permission",
  "fields": {
    "name": "Can delete Newsletter Subscriber",
    "content_type": [
      "notifications",
      "newslettersubscriber"
    ],
    "codename": "delete_newslettersubscriber"
  }
},
{
  "model": "auth.permission",
  "fields": {
    "name": "Can view Newsletter Subscriber",
    "content_type": [
      "notifications",
      "newslettersubscriber"
    ],
    "codename": "view_newslettersubscriber"
  }
},
{
  "model": "auth.permission",
  "fields": {
    "name": "Can add audit log",
    "content_type": [
      "admin_dashboard",
      "auditlog"
    ],
    "codename": "add_auditlog"
  }
},
{
  "model": "auth.permission",
  "fields": {
    "name": "Can change audit log",
    "content_type": [
      "admin_dashboard",
      "auditlog"
    ],
    "codename": "change_auditlog"
  }
},
{
  "model": "auth.permission",
  "fields": {
    "name": "Can delete audit log",
    "content_type": [
      "admin_dashboard",
      "auditlog"
    ],
    "codename": "delete_auditlog"
  }
},
{
  "model": "auth.permission",
  "fields": {
    "name": "Can view audit log",
    "content_type": [
      "admin_dashboard",
      "auditlog"
    ],
    "codename": "view_auditlog"
  }
},
{
  "model": "auth.permission",
  "fields": {
    "name": "Can add badge",
    "content_type": [
      "achievements",
      "badge"
    ],
    "codename": "add_badge"
  }
},
{
  "model": "auth.permission",
  "fields": {
    "name": "Can change badge",
    "content_type": [
      "achievements",
      "badge"
    ],
    "codename": "change_badge"
  }
},
{
  "model": "auth.permission",
  "fields": {
    "name": "Can delete badge",
    "content_type": [
      "achievements",
      "badge"
    ],
    "codename": "delete_badge"
  }
},
{
  "model": "auth.permission",
  "fields": {
    "name": "Can view badge",
    "content_type": [
      "achievements",
      "badge"
    ],
    "codename": "view_badge"
  }
},
{
  "model": "auth.permission",
  "fields": {
    "name": "Can add user progress",
    "content_type": [
      "achievements",
      "userprogress"
    ],
    "codename": "add_userprogress"
  }
},
{
  "model": "auth.permission",
  "fields": {
    "name": "Can change user progress",
    "content_type": [
      "achievements",
      "userprogress"
    ],
    "codename": "change_userprogress"
  }
},
{
  "model": "auth.permission",
  "fields": {
    "name": "Can delete user progress",
    "content_type": [
      "achievements",
      "userprogress"
    ],
    "codename": "delete_userprogress"
  }
},
{
  "model": "auth.permission",
  "fields": {
    "name": "Can view user progress",
    "content_type": [
      "achievements",
      "userprogress"
    ],
    "codename": "view_userprogress"
  }
},
{
  "model": "auth.permission",
  "fields": {
    "name": "Can add user achievement",
    "content_type": [
      "achievements",
      "userachievement"
    ],
    "codename": "add_userachievement"
  }
},
{
  "model": "auth.permission",
  "fields": {
    "name": "Can change user achievement",
    "content_type": [
      "achievements",
      "userachievement"
    ],
    "codename": "change_userachievement"
  }
},
{
  "model": "auth.permission",
  "fields": {
    "name": "Can delete user achievement",
    "content_type": [
      "achievements",
      "userachievement"
    ],
    "codename": "delete_userachievement"
  }
},
{
  "model": "auth.permission",
  "fields": {
    "name": "Can view user achievement",
    "content_type": [
      "achievements",
      "userachievement"
    ],
    "codename": "view_userachievement"
  }
},
{
  "model": "accounts.customuser",
  "fields": {
    "password": "pbkdf2_sha256$720000$sv8tUHyJpOIZOKS4tltIO7$jRhmCDOaFsazu19aEmtyQg4IVoAd/UzT6pshnXasrJ8=",
    "last_login": null,
    "is_superuser": true,
    "username": "admin",
    "is_staff": true,
    "is_active": true,
    "date_joined": "2026-06-28T13:17:21.432Z",
    "current_session_key": null,
    "language": "en",
    "first_name": "Admin",
    "last_name": "User",
    "full_name": "Admin User",
    "email": "admin@fitzone.local",
    "mobile_number": null,
    "age": null,
    "gender": null,
    "height": null,
    "weight": null,
    "fitness_goal": null,
    "profile_picture": "",
    "is_verified": false,
    "email_verified": false,
    "created_at": "2026-06-28T13:17:21.433Z",
    "updated_at": "2026-06-28T13:17:23.720Z",
    "membership_expiry": null,
    "membership_active": false,
    "groups": [],
    "user_permissions": []
  }
},
{
  "model": "accounts.customuser",
  "fields": {
    "password": "pbkdf2_sha256$1000000$TjGUvPcPZhP9ksMjD2QcCn$1TKTQCFUIkinf2OLfykOdXihFj4GbL8fxGCU4kpt1R8=",
    "last_login": "2026-06-25T04:34:38.628Z",
    "is_superuser": true,
    "username": "taylerswift",
    "is_staff": true,
    "is_active": true,
    "date_joined": "2026-06-01T11:07:00.729Z",
    "current_session_key": "jqegdvx3igh4h7pscljh3zb8iqhc233q",
    "language": "en",
    "first_name": "Tayler",
    "last_name": "Swift",
    "full_name": "Admin User",
    "email": "fitzone.admin@gmail.com",
    "mobile_number": null,
    "age": null,
    "gender": null,
    "height": null,
    "weight": null,
    "fitness_goal": null,
    "profile_picture": "profile_pics/tayler_swift.jfif",
    "is_verified": false,
    "email_verified": false,
    "created_at": "2026-06-01T11:07:02.913Z",
    "updated_at": "2026-06-17T03:00:44.082Z",
    "membership_expiry": null,
    "membership_active": false,
    "groups": [],
    "user_permissions": []
  }
},
{
  "model": "accounts.customuser",
  "fields": {
    "password": "pbkdf2_sha256$1000000$9LGjavnsirt84CgkY4n59v$1PPREgUAJQhhHN2Gsc6z1NWvoNP/QRHHQZOGBE1VNNg=",
    "last_login": null,
    "is_superuser": true,
    "username": "superadmin",
    "is_staff": true,
    "is_active": true,
    "date_joined": "2026-06-01T11:11:37.166Z",
    "current_session_key": null,
    "language": "en",
    "first_name": "",
    "last_name": "",
    "full_name": null,
    "email": "superadmin@fitzone.com",
    "mobile_number": null,
    "age": null,
    "gender": null,
    "height": null,
    "weight": null,
    "fitness_goal": null,
    "profile_picture": "",
    "is_verified": false,
    "email_verified": false,
    "created_at": "2026-06-01T11:11:39.360Z",
    "updated_at": "2026-06-01T11:15:18.661Z",
    "membership_expiry": null,
    "membership_active": false,
    "groups": [],
    "user_permissions": []
  }
},
{
  "model": "accounts.customuser",
  "fields": {
    "password": "pbkdf2_sha256$1000000$bMtjogM5EJ6uZn8XYMCmSa$BOTn5bzBua4ah2LXRwQy/c2xx3h9kqVkS6vNVs4ZeQw=",
    "last_login": null,
    "is_superuser": false,
    "username": "john_smith",
    "is_staff": false,
    "is_active": true,
    "date_joined": "2026-06-13T00:14:52.222Z",
    "current_session_key": null,
    "language": "en",
    "first_name": "",
    "last_name": "",
    "full_name": "John Smith",
    "email": "john@fitzone.com",
    "mobile_number": null,
    "age": null,
    "gender": null,
    "height": null,
    "weight": null,
    "fitness_goal": null,
    "profile_picture": "",
    "is_verified": false,
    "email_verified": false,
    "created_at": "2026-06-13T00:14:52.222Z",
    "updated_at": "2026-06-13T00:14:54.548Z",
    "membership_expiry": null,
    "membership_active": false,
    "groups": [],
    "user_permissions": []
  }
},
{
  "model": "accounts.customuser",
  "fields": {
    "password": "pbkdf2_sha256$1000000$thq3WFQCj54J3PZJLzbPbA$OqV0vfimiltcZSn3tZCo4GZff3f/fmkg0DrB5NjCA+0=",
    "last_login": null,
    "is_superuser": false,
    "username": "sarah_johnson",
    "is_staff": false,
    "is_active": true,
    "date_joined": "2026-06-13T00:14:54.594Z",
    "current_session_key": null,
    "language": "en",
    "first_name": "",
    "last_name": "",
    "full_name": "Sarah Johnson",
    "email": "sarah@fitzone.com",
    "mobile_number": null,
    "age": null,
    "gender": null,
    "height": null,
    "weight": null,
    "fitness_goal": null,
    "profile_picture": "",
    "is_verified": false,
    "email_verified": false,
    "created_at": "2026-06-13T00:14:54.594Z",
    "updated_at": "2026-06-13T00:14:56.868Z",
    "membership_expiry": null,
    "membership_active": false,
    "groups": [],
    "user_permissions": []
  }
},
{
  "model": "accounts.customuser",
  "fields": {
    "password": "pbkdf2_sha256$1000000$csjokL7fwfCTa3WH1h5Y0B$y+ikqoDaF4W4aaqiShDPxNq9E46SeDb4chhAw+Kr/LM=",
    "last_login": null,
    "is_superuser": false,
    "username": "mike_chen",
    "is_staff": false,
    "is_active": true,
    "date_joined": "2026-06-13T00:14:56.884Z",
    "current_session_key": null,
    "language": "en",
    "first_name": "",
    "last_name": "",
    "full_name": "Mike Chen",
    "email": "mike@fitzone.com",
    "mobile_number": null,
    "age": null,
    "gender": null,
    "height": null,
    "weight": null,
    "fitness_goal": null,
    "profile_picture": "",
    "is_verified": false,
    "email_verified": false,
    "created_at": "2026-06-13T00:14:56.884Z",
    "updated_at": "2026-06-13T00:14:59.087Z",
    "membership_expiry": null,
    "membership_active": false,
    "groups": [],
    "user_permissions": []
  }
},
{
  "model": "accounts.customuser",
  "fields": {
    "password": "pbkdf2_sha256$1000000$zOuZAsh1zeAepJMQTEqZNq$EgLyYhITvRqglTC6j/j3uH7qKLeufw14dDuis+0CLvE=",
    "last_login": null,
    "is_superuser": false,
    "username": "lisa_williams",
    "is_staff": false,
    "is_active": true,
    "date_joined": "2026-06-13T00:14:59.102Z",
    "current_session_key": null,
    "language": "en",
    "first_name": "",
    "last_name": "",
    "full_name": "Lisa Williams",
    "email": "lisa@fitzone.com",
    "mobile_number": null,
    "age": null,
    "gender": null,
    "height": null,
    "weight": null,
    "fitness_goal": null,
    "profile_picture": "",
    "is_verified": false,
    "email_verified": false,
    "created_at": "2026-06-13T00:14:59.102Z",
    "updated_at": "2026-06-13T00:15:01.360Z",
    "membership_expiry": null,
    "membership_active": false,
    "groups": [],
    "user_permissions": []
  }
},
{
  "model": "accounts.customuser",
  "fields": {
    "password": "pbkdf2_sha256$1000000$1p5CFXFf4WsR19KU0Rl6GK$IrnKXasbdPifSjtWMylnVatlZVjYItORs100OJsCQBk=",
    "last_login": null,
    "is_superuser": false,
    "username": "rajesh_sharma",
    "is_staff": false,
    "is_active": true,
    "date_joined": "2026-06-14T01:15:14.508Z",
    "current_session_key": null,
    "language": "en",
    "first_name": null,
    "last_name": null,
    "full_name": "Rajesh Sharma",
    "email": "rajesh@fitzone.com",
    "mobile_number": null,
    "age": null,
    "gender": null,
    "height": null,
    "weight": null,
    "fitness_goal": null,
    "profile_picture": "",
    "is_verified": false,
    "email_verified": false,
    "created_at": "2026-06-14T01:15:14.509Z",
    "updated_at": "2026-06-14T01:15:16.769Z",
    "membership_expiry": null,
    "membership_active": false,
    "groups": [],
    "user_permissions": []
  }
},
{
  "model": "accounts.customuser",
  "fields": {
    "password": "pbkdf2_sha256$1000000$LrgVYemvQkJZPg1u5prLAl$UNjLINsvUrm6/e/Vk3OXXjvFHjVCYr0ZK/9BoCTNhvY=",
    "last_login": null,
    "is_superuser": false,
    "username": "priya_patel",
    "is_staff": false,
    "is_active": true,
    "date_joined": "2026-06-14T01:15:16.812Z",
    "current_session_key": null,
    "language": "en",
    "first_name": null,
    "last_name": null,
    "full_name": "Priya Patel",
    "email": "priya@fitzone.com",
    "mobile_number": null,
    "age": null,
    "gender": null,
    "height": null,
    "weight": null,
    "fitness_goal": null,
    "profile_picture": "",
    "is_verified": false,
    "email_verified": false,
    "created_at": "2026-06-14T01:15:16.812Z",
    "updated_at": "2026-06-14T01:15:19.065Z",
    "membership_expiry": null,
    "membership_active": false,
    "groups": [],
    "user_permissions": []
  }
},
{
  "model": "accounts.customuser",
  "fields": {
    "password": "pbkdf2_sha256$1000000$hWNcoy3iqUbyX6N55LrGYU$q1CIIgKZMlWNm99nmTx4y9HJObtygYQJ2kGW+eB7Ic4=",
    "last_login": null,
    "is_superuser": false,
    "username": "vikram_singh",
    "is_staff": false,
    "is_active": true,
    "date_joined": "2026-06-14T01:15:19.087Z",
    "current_session_key": null,
    "language": "en",
    "first_name": null,
    "last_name": null,
    "full_name": "Vikram Singh",
    "email": "vikram@fitzone.com",
    "mobile_number": null,
    "age": null,
    "gender": null,
    "height": null,
    "weight": null,
    "fitness_goal": null,
    "profile_picture": "",
    "is_verified": false,
    "email_verified": false,
    "created_at": "2026-06-14T01:15:19.088Z",
    "updated_at": "2026-06-14T01:15:21.326Z",
    "membership_expiry": null,
    "membership_active": false,
    "groups": [],
    "user_permissions": []
  }
},
{
  "model": "accounts.customuser",
  "fields": {
    "password": "pbkdf2_sha256$1000000$22SDWbzttpRC683IEKxWyH$sBguQCrxbV5xKtErw+nLj8IKg9PoKKsoEHnuGljEZ1g=",
    "last_login": null,
    "is_superuser": false,
    "username": "anjali_desai",
    "is_staff": false,
    "is_active": true,
    "date_joined": "2026-06-14T01:15:21.347Z",
    "current_session_key": null,
    "language": "en",
    "first_name": null,
    "last_name": null,
    "full_name": "Anjali Desai",
    "email": "anjali@fitzone.com",
    "mobile_number": null,
    "age": null,
    "gender": null,
    "height": null,
    "weight": null,
    "fitness_goal": null,
    "profile_picture": "",
    "is_verified": false,
    "email_verified": false,
    "created_at": "2026-06-14T01:15:21.348Z",
    "updated_at": "2026-06-14T01:15:23.579Z",
    "membership_expiry": null,
    "membership_active": false,
    "groups": [],
    "user_permissions": []
  }
},
{
  "model": "accounts.customuser",
  "fields": {
    "password": "pbkdf2_sha256$1000000$8kwonFNOl0kfkZLJ8kPZd9$QeKeOnTxN1YKw4RNhE0v6/OJaa3dhI40vLLu5O1OvUw=",
    "last_login": null,
    "is_superuser": false,
    "username": "sanjay_mehta",
    "is_staff": false,
    "is_active": true,
    "date_joined": "2026-06-14T01:15:23.599Z",
    "current_session_key": null,
    "language": "en",
    "first_name": null,
    "last_name": null,
    "full_name": "Sanjay Mehta",
    "email": "sanjay@fitzone.com",
    "mobile_number": null,
    "age": null,
    "gender": null,
    "height": null,
    "weight": null,
    "fitness_goal": null,
    "profile_picture": "",
    "is_verified": false,
    "email_verified": false,
    "created_at": "2026-06-14T01:15:23.600Z",
    "updated_at": "2026-06-14T01:15:25.827Z",
    "membership_expiry": null,
    "membership_active": false,
    "groups": [],
    "user_permissions": []
  }
},
{
  "model": "accounts.customuser",
  "fields": {
    "password": "pbkdf2_sha256$1000000$ZxOhbvepPiSsvht071JXmx$RW4sFI9i5GU2gcWwr2dda+r7IIuVaciV+028zQLS8jE=",
    "last_login": null,
    "is_superuser": false,
    "username": "neha_gupta",
    "is_staff": false,
    "is_active": true,
    "date_joined": "2026-06-14T01:15:25.850Z",
    "current_session_key": null,
    "language": "en",
    "first_name": null,
    "last_name": null,
    "full_name": "Neha Gupta",
    "email": "neha@fitzone.com",
    "mobile_number": null,
    "age": null,
    "gender": null,
    "height": null,
    "weight": null,
    "fitness_goal": null,
    "profile_picture": "",
    "is_verified": false,
    "email_verified": false,
    "created_at": "2026-06-14T01:15:25.850Z",
    "updated_at": "2026-06-14T01:15:28.156Z",
    "membership_expiry": null,
    "membership_active": false,
    "groups": [],
    "user_permissions": []
  }
},
{
  "model": "accounts.customuser",
  "fields": {
    "password": "pbkdf2_sha256$1000000$pJHbGxWZ6Knv308slnXotm$Ks3nXuCI5JwCIigWwgMHTJGRV8grFezJwN1uIrjmeEw=",
    "last_login": "2026-06-17T02:18:14.660Z",
    "is_superuser": false,
    "username": "sandy123",
    "is_staff": false,
    "is_active": true,
    "date_joined": "2026-06-16T12:04:57.973Z",
    "current_session_key": "pjk6oulc5jirlcipcv0blrenifc3ax3j",
    "language": "en",
    "first_name": null,
    "last_name": null,
    "full_name": "Sandeep jaiswal",
    "email": "sandy@gmail.com",
    "mobile_number": "",
    "age": null,
    "gender": "M",
    "height": null,
    "weight": null,
    "fitness_goal": "",
    "profile_picture": "",
    "is_verified": false,
    "email_verified": false,
    "created_at": "2026-06-16T12:05:00.586Z",
    "updated_at": "2026-06-17T02:06:36.319Z",
    "membership_expiry": null,
    "membership_active": false,
    "groups": [],
    "user_permissions": []
  }
},
{
  "model": "accounts.customuser",
  "fields": {
    "password": "pbkdf2_sha256$1000000$5JlrzrdSYSm7qMatE29uDH$dD1SCaQdfeytBbyzzubn6OpDuJcOLiUwfv64Cx/k4TY=",
    "last_login": "2026-06-17T09:05:27.109Z",
    "is_superuser": false,
    "username": "TaqdeesGolandaz123",
    "is_staff": false,
    "is_active": true,
    "date_joined": "2026-06-17T05:41:43.754Z",
    "current_session_key": "9w4qjty8d3gdq8a30gfliramq64lcqs5",
    "language": "en",
    "first_name": null,
    "last_name": null,
    "full_name": "Taqdees Golandaz",
    "email": "taqdeesgolandaz03@gmail.com",
    "mobile_number": null,
    "age": null,
    "gender": "M",
    "height": null,
    "weight": null,
    "fitness_goal": "weight_loss",
    "profile_picture": "",
    "is_verified": false,
    "email_verified": false,
    "created_at": "2026-06-17T05:41:46.274Z",
    "updated_at": "2026-06-17T09:05:05.347Z",
    "membership_expiry": null,
    "membership_active": false,
    "groups": [],
    "user_permissions": []
  }
},
{
  "model": "accounts.customuser",
  "fields": {
    "password": "pbkdf2_sha256$1000000$2iizh7hI59saqbXhJPdeVV$+jKi3W5/B2wG1J2t/LS1DQEWrJAb4VM+TJLkwjKEIHY=",
    "last_login": "2026-06-17T10:29:10.820Z",
    "is_superuser": false,
    "username": "testuser_for_debug",
    "is_staff": false,
    "is_active": true,
    "date_joined": "2026-06-17T10:28:11.954Z",
    "current_session_key": "xqgp429a5v90oruaq81ss7loj1483p85",
    "language": "en",
    "first_name": null,
    "last_name": null,
    "full_name": null,
    "email": "debug@example.com",
    "mobile_number": null,
    "age": null,
    "gender": null,
    "height": null,
    "weight": null,
    "fitness_goal": null,
    "profile_picture": "",
    "is_verified": false,
    "email_verified": false,
    "created_at": "2026-06-17T10:28:11.956Z",
    "updated_at": "2026-06-17T10:28:15.508Z",
    "membership_expiry": null,
    "membership_active": false,
    "groups": [],
    "user_permissions": []
  }
},
{
  "model": "accounts.customuser",
  "fields": {
    "password": "pbkdf2_sha256$1000000$4B5Aplj2IX8ZPyCBUtMVdv$nK6WUaylNk+kVgrsIYijhPATO3X5GYBbLIoAsjkDwGI=",
    "last_login": null,
    "is_superuser": false,
    "username": "sydney_sweeny",
    "is_staff": false,
    "is_active": true,
    "date_joined": "2026-06-22T06:10:26.155Z",
    "current_session_key": null,
    "language": "en",
    "first_name": null,
    "last_name": null,
    "full_name": "Sydney Sweeny",
    "email": "sydney@fitzone.com",
    "mobile_number": null,
    "age": null,
    "gender": null,
    "height": null,
    "weight": null,
    "fitness_goal": null,
    "profile_picture": "",
    "is_verified": false,
    "email_verified": false,
    "created_at": "2026-06-22T06:10:26.156Z",
    "updated_at": "2026-06-22T06:10:28.429Z",
    "membership_expiry": null,
    "membership_active": false,
    "groups": [],
    "user_permissions": []
  }
},
{
  "model": "accounts.customuser",
  "fields": {
    "password": "pbkdf2_sha256$1000000$vcQgB0RfB5LTnbuKMjMF4p$nmUvtLsGwiURj9m3qZTWtDu6kRbRYXRSWPhPtFWdeOM=",
    "last_login": null,
    "is_superuser": false,
    "username": "tauseefgolandaz",
    "is_staff": false,
    "is_active": true,
    "date_joined": "2026-06-22T08:34:56.093Z",
    "current_session_key": null,
    "language": "en",
    "first_name": null,
    "last_name": null,
    "full_name": "Tauseef Golandaz",
    "email": "tauseef@gmail.com",
    "mobile_number": "",
    "age": 26,
    "gender": "M",
    "height": null,
    "weight": null,
    "fitness_goal": "muscle_gain",
    "profile_picture": "",
    "is_verified": false,
    "email_verified": false,
    "created_at": "2026-06-22T08:34:58.901Z",
    "updated_at": "2026-06-22T08:34:58.901Z",
    "membership_expiry": null,
    "membership_active": false,
    "groups": [],
    "user_permissions": []
  }
},
{
  "model": "accounts.customuser",
  "fields": {
    "password": "pbkdf2_sha256$1000000$coWbxQuW7Kzp9iXuy0Dh1S$zdEkaTzbU0kdBSVzH9JcyQK5b1v4J61iPlUySoRCqdo=",
    "last_login": "2026-06-22T09:05:17.497Z",
    "is_superuser": false,
    "username": "tauseefgolandaz12",
    "is_staff": false,
    "is_active": true,
    "date_joined": "2026-06-22T09:05:14.482Z",
    "current_session_key": "6vg586ovixyj4rqlkap7aoaiz2cd8sqk",
    "language": "en",
    "first_name": null,
    "last_name": null,
    "full_name": "Tauseef Golandaz",
    "email": "tauseef12@gmail.com",
    "mobile_number": "8177845613",
    "age": 26,
    "gender": "M",
    "height": null,
    "weight": null,
    "fitness_goal": "",
    "profile_picture": "",
    "is_verified": false,
    "email_verified": false,
    "created_at": "2026-06-22T09:05:17.476Z",
    "updated_at": "2026-06-22T09:05:17.476Z",
    "membership_expiry": null,
    "membership_active": false,
    "groups": [],
    "user_permissions": []
  }
},
{
  "model": "accounts.customuser",
  "fields": {
    "password": "!o1AdM3I1VSFtbVoewJ5OSELPBmp96TfUtNzidk77",
    "last_login": null,
    "is_superuser": false,
    "username": "justinbieber",
    "is_staff": false,
    "is_active": true,
    "date_joined": "2026-06-22T11:02:48.855Z",
    "current_session_key": null,
    "language": "en",
    "first_name": null,
    "last_name": null,
    "full_name": null,
    "email": "justin@gmail.com",
    "mobile_number": null,
    "age": null,
    "gender": null,
    "height": null,
    "weight": null,
    "fitness_goal": null,
    "profile_picture": "",
    "is_verified": false,
    "email_verified": false,
    "created_at": "2026-06-22T11:02:48.856Z",
    "updated_at": "2026-06-22T11:02:48.861Z",
    "membership_expiry": null,
    "membership_active": false,
    "groups": [],
    "user_permissions": []
  }
},
{
  "model": "accounts.customuser",
  "fields": {
    "password": "pbkdf2_sha256$720000$KKUNR1TjQP0zXKbe5HYaTH$GkHka1zy3/FljRdIny8anw9EF7NYHXrUlLD4O/OMHHg=",
    "last_login": "2026-06-28T15:17:52.923Z",
    "is_superuser": false,
    "username": "taqdeesgolandaz",
    "is_staff": false,
    "is_active": true,
    "date_joined": "2026-06-24T09:55:39.190Z",
    "current_session_key": "suir307kgnpvbxbmps04bf227ejye6cp",
    "language": "en",
    "first_name": null,
    "last_name": null,
    "full_name": null,
    "email": "taqdisgolandaz@gmail.com",
    "mobile_number": null,
    "age": null,
    "gender": null,
    "height": null,
    "weight": null,
    "fitness_goal": null,
    "profile_picture": "",
    "is_verified": false,
    "email_verified": false,
    "created_at": "2026-06-24T09:55:39.190Z",
    "updated_at": "2026-06-25T04:35:32.273Z",
    "membership_expiry": "2026-08-23T10:10:52.876Z",
    "membership_active": true,
    "groups": [],
    "user_permissions": []
  }
},
{
  "model": "accounts.customuser",
  "fields": {
    "password": "pbkdf2_sha256$1000000$IZ82O2t0Bue2BdgaiQgM7m$TnCh2qGRKVwob2dZqopKQEWNl3IVP7AT4CI3/1veCx0=",
    "last_login": null,
    "is_superuser": false,
    "username": "testuser",
    "is_staff": false,
    "is_active": true,
    "date_joined": "2026-06-25T04:52:29.602Z",
    "current_session_key": null,
    "language": "en",
    "first_name": null,
    "last_name": null,
    "full_name": null,
    "email": "test@example.com",
    "mobile_number": null,
    "age": null,
    "gender": null,
    "height": null,
    "weight": null,
    "fitness_goal": null,
    "profile_picture": "",
    "is_verified": false,
    "email_verified": false,
    "created_at": "2026-06-25T04:52:29.604Z",
    "updated_at": "2026-06-25T04:52:34.569Z",
    "membership_expiry": null,
    "membership_active": false,
    "groups": [],
    "user_permissions": []
  }
},
{
  "model": "accounts.customuser",
  "fields": {
    "password": "pbkdf2_sha256$1000000$Tqm4sPEJe8QkhPLUhL8vrm$MC/cVf6a8Ar81lb6rDzP+E4C9W71Z7yx2UHde/k6DCg=",
    "last_login": null,
    "is_superuser": false,
    "username": "testuser2",
    "is_staff": false,
    "is_active": true,
    "date_joined": "2026-06-25T05:00:29.602Z",
    "current_session_key": null,
    "language": "en",
    "first_name": null,
    "last_name": null,
    "full_name": null,
    "email": "test2@example.com",
    "mobile_number": null,
    "age": null,
    "gender": null,
    "height": null,
    "weight": null,
    "fitness_goal": null,
    "profile_picture": "",
    "is_verified": false,
    "email_verified": false,
    "created_at": "2026-06-25T05:00:29.604Z",
    "updated_at": "2026-06-25T05:00:33.297Z",
    "membership_expiry": null,
    "membership_active": false,
    "groups": [],
    "user_permissions": []
  }
},
{
  "model": "accounts.customuser",
  "fields": {
    "password": "pbkdf2_sha256$1000000$ZQOyCc1iWJwFOhCQGt3qEL$5xohIBV5tbtC12rRY9LOdfo7SQ52O1o9VCOmEfdvF6w=",
    "last_login": null,
    "is_superuser": false,
    "username": "testuser3",
    "is_staff": false,
    "is_active": true,
    "date_joined": "2026-06-25T05:02:01.002Z",
    "current_session_key": null,
    "language": "en",
    "first_name": null,
    "last_name": null,
    "full_name": null,
    "email": "test3@example.com",
    "mobile_number": null,
    "age": null,
    "gender": null,
    "height": null,
    "weight": null,
    "fitness_goal": null,
    "profile_picture": "",
    "is_verified": false,
    "email_verified": false,
    "created_at": "2026-06-25T05:02:01.003Z",
    "updated_at": "2026-06-25T05:02:04.682Z",
    "membership_expiry": null,
    "membership_active": false,
    "groups": [],
    "user_permissions": []
  }
},
{
  "model": "accounts.customuser",
  "fields": {
    "password": "pbkdf2_sha256$720000$rOrv6aZyxSaFQy1Y2LVsfi$M55tmHd0yWs+YU4jaXJ0p169E9wVf8tWKX6yzbzyRM4=",
    "last_login": "2026-06-28T15:44:53.381Z",
    "is_superuser": true,
    "username": "adminuser",
    "is_staff": true,
    "is_active": true,
    "date_joined": "2026-06-28T13:22:12.825Z",
    "current_session_key": "pt2o9yfj7yqrjc5nhg7mi8i9rv51opvb",
    "language": "en",
    "first_name": null,
    "last_name": null,
    "full_name": null,
    "email": "admin@gmail.com",
    "mobile_number": null,
    "age": null,
    "gender": null,
    "height": null,
    "weight": null,
    "fitness_goal": null,
    "profile_picture": "",
    "is_verified": true,
    "email_verified": true,
    "created_at": "2026-06-28T13:22:12.827Z",
    "updated_at": "2026-06-28T14:30:48.960Z",
    "membership_expiry": null,
    "membership_active": false,
    "groups": [],
    "user_permissions": []
  }
},
{
  "model": "accounts.customuser",
  "fields": {
    "password": "pbkdf2_sha256$720000$DBFo6RvJBkPwgOjGrbLT1R$zqQU4v3QWN8/ISDD8cJiweIK9VBv6gAIMcOnZMkgzO4=",
    "last_login": "2026-06-28T15:44:24.881Z",
    "is_superuser": false,
    "username": "trentbolt",
    "is_staff": false,
    "is_active": true,
    "date_joined": "2026-06-28T15:44:23.219Z",
    "current_session_key": "z9csg04o4yg4unwh3sj9wvucl4my9mbf",
    "language": "en",
    "first_name": null,
    "last_name": null,
    "full_name": "Trent Bolt",
    "email": "bolt@gmail.com",
    "mobile_number": "8177845613",
    "age": 36,
    "gender": "M",
    "height": null,
    "weight": null,
    "fitness_goal": "muscle_gain",
    "profile_picture": "",
    "is_verified": false,
    "email_verified": false,
    "created_at": "2026-06-28T15:44:24.834Z",
    "updated_at": "2026-06-28T15:44:24.834Z",
    "membership_expiry": null,
    "membership_active": false,
    "groups": [],
    "user_permissions": []
  }
},
{
  "model": "membership.usermembership",
  "pk": 9,
  "fields": {
    "user": [
      "taqdeesgolandaz"
    ],
    "plan": 6,
    "start_date": "2026-06-24T10:09:49.885Z",
    "end_date": "2026-08-23T10:10:52.876Z",
    "status": "active",
    "payment_id": null,
    "amount_paid": "2.00",
    "created_at": "2026-06-24T10:09:49.886Z"
  }
},
{
  "model": "payments.payment",
  "pk": 1,
  "fields": {
    "user": [
      "taylerswift"
    ],
    "membership": null,
    "amount": "999.00",
    "payment_method": "",
    "razorpay_order_id": "order_SwU9piRpaTwCyf",
    "razorpay_payment_id": null,
    "razorpay_signature": null,
    "bank_account": 1,
    "status": "pending",
    "transaction_id": "",
    "invoice_number": "INV-1-NEW",
    "created_at": "2026-06-01T14:09:16.359Z",
    "updated_at": "2026-06-01T14:09:16.359Z",
    "paid_at": null
  }
},
{
  "model": "payments.payment",
  "pk": 2,
  "fields": {
    "user": [
      "taylerswift"
    ],
    "membership": null,
    "amount": "999.00",
    "payment_method": "",
    "razorpay_order_id": "order_SwUKPUcd0lSpGn",
    "razorpay_payment_id": null,
    "razorpay_signature": null,
    "bank_account": 1,
    "status": "pending",
    "transaction_id": null,
    "invoice_number": "INV-1-2294EF10",
    "created_at": "2026-06-01T14:19:17.133Z",
    "updated_at": "2026-06-01T14:19:17.133Z",
    "paid_at": null
  }
},
{
  "model": "payments.payment",
  "pk": 3,
  "fields": {
    "user": [
      "taylerswift"
    ],
    "membership": null,
    "amount": "2999.00",
    "payment_method": "",
    "razorpay_order_id": "order_SwUNrmhtXnEypG",
    "razorpay_payment_id": null,
    "razorpay_signature": null,
    "bank_account": 1,
    "status": "pending",
    "transaction_id": null,
    "invoice_number": "INV-1-47044C50",
    "created_at": "2026-06-01T14:22:33.442Z",
    "updated_at": "2026-06-01T14:22:33.442Z",
    "paid_at": null
  }
},
{
  "model": "payments.payment",
  "pk": 4,
  "fields": {
    "user": [
      "taylerswift"
    ],
    "membership": null,
    "amount": "999.00",
    "payment_method": "",
    "razorpay_order_id": "order_SwUSEbwYEfZwqi",
    "razorpay_payment_id": null,
    "razorpay_signature": null,
    "bank_account": 1,
    "status": "pending",
    "transaction_id": null,
    "invoice_number": "INV-1-3046AD6E",
    "created_at": "2026-06-01T14:26:41.555Z",
    "updated_at": "2026-06-01T14:26:41.555Z",
    "paid_at": null
  }
},
{
  "model": "payments.payment",
  "pk": 5,
  "fields": {
    "user": [
      "taylerswift"
    ],
    "membership": null,
    "amount": "999.00",
    "payment_method": "",
    "razorpay_order_id": "order_SwUVvSAA8gcaF9",
    "razorpay_payment_id": null,
    "razorpay_signature": null,
    "bank_account": 1,
    "status": "pending",
    "transaction_id": null,
    "invoice_number": "INV-1-DB894F9D",
    "created_at": "2026-06-01T14:30:11.261Z",
    "updated_at": "2026-06-01T14:30:11.261Z",
    "paid_at": null
  }
},
{
  "model": "payments.payment",
  "pk": 6,
  "fields": {
    "user": [
      "taylerswift"
    ],
    "membership": null,
    "amount": "999.00",
    "payment_method": "",
    "razorpay_order_id": "order_T0ysUXPHmLTtFm",
    "razorpay_payment_id": null,
    "razorpay_signature": null,
    "bank_account": 1,
    "status": "pending",
    "transaction_id": null,
    "invoice_number": "INV-1-2F970F1F",
    "created_at": "2026-06-12T22:48:21.940Z",
    "updated_at": "2026-06-12T22:48:21.940Z",
    "paid_at": null
  }
},
{
  "model": "payments.payment",
  "pk": 7,
  "fields": {
    "user": [
      "taylerswift"
    ],
    "membership": null,
    "amount": "1999.00",
    "payment_method": "",
    "razorpay_order_id": "order_T0ytTM6l52ZBPF",
    "razorpay_payment_id": null,
    "razorpay_signature": null,
    "bank_account": 1,
    "status": "pending",
    "transaction_id": null,
    "invoice_number": "INV-1-7FE4D874",
    "created_at": "2026-06-12T22:49:17.644Z",
    "updated_at": "2026-06-12T22:49:17.644Z",
    "paid_at": null
  }
},
{
  "model": "payments.payment",
  "pk": 37,
  "fields": {
    "user": [
      "sandy123"
    ],
    "membership": null,
    "amount": "500.00",
    "payment_method": "",
    "razorpay_order_id": "order_T2OgZotWzjq2YG",
    "razorpay_payment_id": null,
    "razorpay_signature": null,
    "bank_account": null,
    "status": "pending",
    "transaction_id": null,
    "invoice_number": "INV-14-B305A5BB",
    "created_at": "2026-06-16T12:42:08.302Z",
    "updated_at": "2026-06-16T12:42:08.302Z",
    "paid_at": null
  }
},
{
  "model": "payments.payment",
  "pk": 79,
  "fields": {
    "user": [
      "taqdeesgolandaz"
    ],
    "membership": 9,
    "amount": "1.00",
    "payment_method": "",
    "razorpay_order_id": "order_T5WMBUDZxvdogk",
    "razorpay_payment_id": "pay_T5WMOvyCrXluvH",
    "razorpay_signature": "b9cb2b434289a9c1da21763505f94df2a879a27602be0efefefebee5d10a08c4",
    "bank_account": null,
    "status": "success",
    "transaction_id": "MEM4_38_718ccee5",
    "invoice_number": "INV-38-062D3229",
    "created_at": "2026-06-24T10:09:22.075Z",
    "updated_at": "2026-06-24T10:09:49.895Z",
    "paid_at": "2026-06-24T10:09:49.869Z"
  }
},
{
  "model": "payments.payment",
  "pk": 80,
  "fields": {
    "user": [
      "taqdeesgolandaz"
    ],
    "membership": null,
    "amount": "1.00",
    "payment_method": "razorpay",
    "razorpay_order_id": "order_T5WNRV2NOezqy7",
    "razorpay_payment_id": "pay_T5WNWB3vlHd5zj",
    "razorpay_signature": "867db7114defa4e1b191789a2d29dc17878eed2c6ff6f0d32c1f01b2184c56f0",
    "bank_account": null,
    "status": "success",
    "transaction_id": "pay_T5WNWB3vlHd5zj",
    "invoice_number": "INV-38-35AADFE8",
    "created_at": "2026-06-24T10:10:52.865Z",
    "updated_at": "2026-06-24T10:10:52.865Z",
    "paid_at": "2026-06-24T10:10:52.861Z"
  }
},
{
  "model": "workouts.userworkoutprogress",
  "pk": 1,
  "fields": {
    "user": [
      "taylerswift"
    ],
    "workout_plan": 1,
    "scheduled_date": "2026-06-13",
    "completed_date": null,
    "status": "pending",
    "calories_burned": 0,
    "duration_minutes": 0,
    "notes": "",
    "created_at": "2026-06-12T23:50:12.212Z",
    "updated_at": "2026-06-12T23:50:12.212Z"
  }
},
{
  "model": "workouts.userworkoutprogress",
  "pk": 4,
  "fields": {
    "user": [
      "taylerswift"
    ],
    "workout_plan": 1,
    "scheduled_date": "2026-06-17",
    "completed_date": null,
    "status": "pending",
    "calories_burned": 0,
    "duration_minutes": 0,
    "notes": "",
    "created_at": "2026-06-17T03:56:11.900Z",
    "updated_at": "2026-06-17T03:56:11.900Z"
  }
},
{
  "model": "trainers.trainer",
  "pk": 5,
  "fields": {
    "user": [
      "rajesh_sharma"
    ],
    "full_name": "Rajesh Sharma",
    "email": "rajesh@fitzone.com",
    "phone": "",
    "profile_picture": "",
    "specialization": "strength_training",
    "experience_level": "expert",
    "years_of_experience": 10,
    "bio": "Certified strength and conditioning specialist with over 10 years of experience.",
    "qualifications": "CSCS, NASM Certified, Sports Nutrition Certificate",
    "achievements": "",
    "hourly_rate": "500.00",
    "monthly_rate": "2.00",
    "availability": {},
    "is_available": true,
    "is_verified": true,
    "is_featured": true,
    "position": 2,
    "total_ratings": 0,
    "average_rating": "0.00",
    "joined_date": "2026-06-14T01:15:16.803Z"
  }
},
{
  "model": "trainers.trainer",
  "pk": 6,
  "fields": {
    "user": [
      "priya_patel"
    ],
    "full_name": "Priya Patel",
    "email": "priya@fitzone.com",
    "phone": "",
    "profile_picture": "",
    "specialization": "weight_loss",
    "experience_level": "expert",
    "years_of_experience": 8,
    "bio": "Weight loss specialist with a focus on sustainable lifestyle changes.",
    "qualifications": "ACE Certified, Nutrition Coach, Wellness Specialist",
    "achievements": "",
    "hourly_rate": "500.00",
    "monthly_rate": "1.00",
    "availability": {},
    "is_available": true,
    "is_verified": true,
    "is_featured": true,
    "position": 3,
    "total_ratings": 0,
    "average_rating": "0.00",
    "joined_date": "2026-06-14T01:15:19.078Z"
  }
},
{
  "model": "trainers.trainer",
  "pk": 7,
  "fields": {
    "user": [
      "vikram_singh"
    ],
    "full_name": "Vikram Singh",
    "email": "vikram@fitzone.com",
    "phone": "",
    "profile_picture": "",
    "specialization": "muscle_gain",
    "experience_level": "advanced",
    "years_of_experience": 7,
    "bio": "Bodybuilding coach specializing in muscle hypertrophy and physique transformation.",
    "qualifications": "ISSA Certified, Bodybuilding Coach, Nutrition Expert",
    "achievements": "",
    "hourly_rate": "500.00",
    "monthly_rate": "6.00",
    "availability": {},
    "is_available": true,
    "is_verified": true,
    "is_featured": false,
    "position": 1,
    "total_ratings": 0,
    "average_rating": "0.00",
    "joined_date": "2026-06-14T01:15:21.337Z"
  }
},
{
  "model": "trainers.trainer",
  "pk": 8,
  "fields": {
    "user": [
      "anjali_desai"
    ],
    "full_name": "Anjali Desai",
    "email": "anjali@fitzone.com",
    "phone": "",
    "profile_picture": "",
    "specialization": "yoga",
    "experience_level": "expert",
    "years_of_experience": 12,
    "bio": "Yoga instructor specializing in flexibility, mindfulness, and injury recovery.",
    "qualifications": "RYT 500, Yoga Therapist, Meditation Coach",
    "achievements": "",
    "hourly_rate": "500.00",
    "monthly_rate": "5.00",
    "availability": {},
    "is_available": true,
    "is_verified": true,
    "is_featured": false,
    "position": 5,
    "total_ratings": 0,
    "average_rating": "0.00",
    "joined_date": "2026-06-14T01:15:23.589Z"
  }
},
{
  "model": "trainers.trainer",
  "pk": 9,
  "fields": {
    "user": [
      "sanjay_mehta"
    ],
    "full_name": "Sanjay Mehta",
    "email": "sanjay@fitzone.com",
    "phone": "",
    "profile_picture": "",
    "specialization": "cardio",
    "experience_level": "advanced",
    "years_of_experience": 6,
    "bio": "Cardio specialist and marathon coach.",
    "qualifications": "Running Coach, Cycling Instructor",
    "achievements": "",
    "hourly_rate": "500.00",
    "monthly_rate": "4.00",
    "availability": {},
    "is_available": true,
    "is_verified": true,
    "is_featured": false,
    "position": 6,
    "total_ratings": 0,
    "average_rating": "0.00",
    "joined_date": "2026-06-14T01:15:25.838Z"
  }
},
{
  "model": "trainers.trainer",
  "pk": 10,
  "fields": {
    "user": [
      "neha_gupta"
    ],
    "full_name": "Neha Gupta",
    "email": "neha@fitzone.com",
    "phone": "",
    "profile_picture": "",
    "specialization": "nutrition",
    "experience_level": "expert",
    "years_of_experience": 9,
    "bio": "Clinical nutritionist helping clients achieve their health goals.",
    "qualifications": "Registered Dietitian, Clinical Nutritionist",
    "achievements": "",
    "hourly_rate": "500.00",
    "monthly_rate": "3.00",
    "availability": {},
    "is_available": true,
    "is_verified": true,
    "is_featured": false,
    "position": 7,
    "total_ratings": 0,
    "average_rating": "0.00",
    "joined_date": "2026-06-14T01:15:28.165Z"
  }
},
{
  "model": "trainers.trainer",
  "pk": 11,
  "fields": {
    "user": [
      "sydney_sweeny"
    ],
    "full_name": "Sydney Sweeny",
    "email": "sydney@fitzone.com",
    "phone": "",
    "profile_picture": "trainers/sydd.jpeg",
    "specialization": "yoga",
    "experience_level": "expert",
    "years_of_experience": 8,
    "bio": "Sydney Sweeny is a certified yoga and wellness instructor with over 8 years of experience. She specializes in Vinyasa flow, Hatha yoga, and mindfulness meditation, helping clients achieve mental clarity and physical flexibility.",
    "qualifications": "RYT 500 Certified, Yoga Therapy Certification, Mindfulness Coach",
    "achievements": "Featured in Yoga Journal, 1000+ sessions completed, 5-star rated trainer",
    "hourly_rate": "0.00",
    "monthly_rate": "50.00",
    "availability": {
      "friday": [
        "09:00",
        "10:00",
        "11:00",
        "14:00",
        "15:00",
        "16:00",
        "17:00"
      ],
      "monday": [
        "09:00",
        "10:00",
        "11:00",
        "14:00",
        "15:00",
        "16:00",
        "17:00"
      ],
      "sunday": [
        "09:00",
        "10:00",
        "11:00",
        "14:00",
        "15:00",
        "16:00"
      ],
      "tuesday": [
        "09:00",
        "10:00",
        "11:00",
        "14:00",
        "15:00",
        "16:00",
        "17:00"
      ],
      "saturday": [
        "09:00",
        "10:00",
        "11:00",
        "14:00",
        "15:00",
        "16:00"
      ],
      "thursday": [
        "09:00",
        "10:00",
        "11:00",
        "14:00",
        "15:00",
        "16:00",
        "17:00"
      ],
      "wednesday": [
        "09:00",
        "10:00",
        "11:00",
        "14:00",
        "15:00",
        "16:00",
        "17:00"
      ]
    },
    "is_available": true,
    "is_verified": true,
    "is_featured": true,
    "position": 4,
    "total_ratings": 45,
    "average_rating": "4.90",
    "joined_date": "2026-06-22T06:10:28.509Z"
  }
},
{
  "model": "trainers.trainersession",
  "pk": 8,
  "fields": {
    "user": [
      "sandy123"
    ],
    "trainer": 9,
    "session_type": "in_person",
    "session_date": "2026-06-17",
    "session_time": "11:00:00",
    "duration_minutes": 60,
    "amount": "500.00",
    "status": "completed",
    "user_notes": "fcttgrdgrreyt",
    "trainer_notes": "",
    "cancellation_reason": "",
    "meeting_link": "",
    "created_at": "2026-06-16T12:06:12.079Z",
    "updated_at": "2026-06-16T12:53:06.371Z"
  }
},
{
  "model": "trainers.trainersession",
  "pk": 9,
  "fields": {
    "user": [
      "sandy123"
    ],
    "trainer": 6,
    "session_type": "in_person",
    "session_date": "2026-06-16",
    "session_time": "10:00:00",
    "duration_minutes": 60,
    "amount": "599.00",
    "status": "rejected",
    "user_notes": "rtgtreerretger",
    "trainer_notes": "",
    "cancellation_reason": "no",
    "meeting_link": "",
    "created_at": "2026-06-16T12:10:47.952Z",
    "updated_at": "2026-06-16T12:41:21.388Z"
  }
},
{
  "model": "trainers.trainersession",
  "pk": 10,
  "fields": {
    "user": [
      "sandy123"
    ],
    "trainer": 9,
    "session_type": "online",
    "session_date": "2026-06-16",
    "session_time": "09:00:00",
    "duration_minutes": 60,
    "amount": "399.00",
    "status": "completed",
    "user_notes": "hivisbfidnsoinrgreg",
    "trainer_notes": "",
    "cancellation_reason": "",
    "meeting_link": "https://meet.google.com/new",
    "created_at": "2026-06-16T12:50:16.076Z",
    "updated_at": "2026-06-16T12:52:56.521Z"
  }
},
{
  "model": "notifications.notification",
  "pk": 6,
  "fields": {
    "user": [
      "taylerswift"
    ],
    "title": "New Contact Message",
    "message": "Contact from Taqdees golandaz <taqdisgolandaz@gmail.com>: rftgerer",
    "notification_type": "system",
    "link": "/support/admin/messages/",
    "is_read": true,
    "is_sent": false,
    "created_at": "2026-06-16T09:43:12.431Z",
    "read_at": null
  }
},
{
  "model": "notifications.notification",
  "pk": 7,
  "fields": {
    "user": [
      "superadmin"
    ],
    "title": "New Contact Message",
    "message": "Contact from Taqdees golandaz <taqdisgolandaz@gmail.com>: rftgerer",
    "notification_type": "system",
    "link": "/support/admin/messages/",
    "is_read": false,
    "is_sent": false,
    "created_at": "2026-06-16T09:43:12.435Z",
    "read_at": null
  }
},
{
  "model": "notifications.notification",
  "pk": 8,
  "fields": {
    "user": [
      "taylerswift"
    ],
    "title": "New Newsletter Subscriber",
    "message": "New subscriber: roy@gmail.com",
    "notification_type": "system",
    "link": "/notifications/admin/newsletter/",
    "is_read": true,
    "is_sent": false,
    "created_at": "2026-06-16T09:46:54.912Z",
    "read_at": null
  }
},
{
  "model": "notifications.notification",
  "pk": 9,
  "fields": {
    "user": [
      "superadmin"
    ],
    "title": "New Newsletter Subscriber",
    "message": "New subscriber: roy@gmail.com",
    "notification_type": "system",
    "link": "/notifications/admin/newsletter/",
    "is_read": false,
    "is_sent": false,
    "created_at": "2026-06-16T09:46:54.917Z",
    "read_at": null
  }
},
{
  "model": "notifications.notification",
  "pk": 10,
  "fields": {
    "user": [
      "taylerswift"
    ],
    "title": "New Newsletter Subscriber",
    "message": "New subscriber: rohit@gmail.com",
    "notification_type": "system",
    "link": "/notifications/admin/newsletter/",
    "is_read": true,
    "is_sent": false,
    "created_at": "2026-06-16T09:49:48.161Z",
    "read_at": null
  }
},
{
  "model": "notifications.notification",
  "pk": 11,
  "fields": {
    "user": [
      "superadmin"
    ],
    "title": "New Newsletter Subscriber",
    "message": "New subscriber: rohit@gmail.com",
    "notification_type": "system",
    "link": "/notifications/admin/newsletter/",
    "is_read": false,
    "is_sent": false,
    "created_at": "2026-06-16T09:49:48.177Z",
    "read_at": null
  }
},
{
  "model": "notifications.notification",
  "pk": 12,
  "fields": {
    "user": [
      "taylerswift"
    ],
    "title": "New Newsletter Subscriber",
    "message": "New subscriber: iqra@mail.com",
    "notification_type": "system",
    "link": "/notifications/admin/newsletter/",
    "is_read": true,
    "is_sent": false,
    "created_at": "2026-06-16T09:50:09.350Z",
    "read_at": null
  }
},
{
  "model": "notifications.notification",
  "pk": 13,
  "fields": {
    "user": [
      "superadmin"
    ],
    "title": "New Newsletter Subscriber",
    "message": "New subscriber: iqra@mail.com",
    "notification_type": "system",
    "link": "/notifications/admin/newsletter/",
    "is_read": false,
    "is_sent": false,
    "created_at": "2026-06-16T09:50:09.365Z",
    "read_at": null
  }
},
{
  "model": "notifications.notification",
  "pk": 15,
  "fields": {
    "user": [
      "superadmin"
    ],
    "title": "New Newsletter Subscriber",
    "message": "New subscriber: librarian@exmple.com",
    "notification_type": "system",
    "link": "/notifications/admin/newsletter/",
    "is_read": false,
    "is_sent": false,
    "created_at": "2026-06-16T09:51:38.560Z",
    "read_at": null
  }
},
{
  "model": "notifications.notification",
  "pk": 16,
  "fields": {
    "user": [
      "taylerswift"
    ],
    "title": "New Newsletter Subscriber",
    "message": "New subscriber: robin@example.com",
    "notification_type": "system",
    "link": "/notifications/admin/newsletter/",
    "is_read": true,
    "is_sent": false,
    "created_at": "2026-06-16T10:19:08.299Z",
    "read_at": null
  }
},
{
  "model": "notifications.notification",
  "pk": 17,
  "fields": {
    "user": [
      "superadmin"
    ],
    "title": "New Newsletter Subscriber",
    "message": "New subscriber: robin@example.com",
    "notification_type": "system",
    "link": "/notifications/admin/newsletter/",
    "is_read": false,
    "is_sent": false,
    "created_at": "2026-06-16T10:19:08.299Z",
    "read_at": null
  }
},
{
  "model": "notifications.notification",
  "pk": 18,
  "fields": {
    "user": [
      "taylerswift"
    ],
    "title": "New Contact Message",
    "message": "Contact from robin <robin@gmail.com>: rfdwsa",
    "notification_type": "system",
    "link": "/support/admin/messages/",
    "is_read": true,
    "is_sent": false,
    "created_at": "2026-06-16T10:19:38.768Z",
    "read_at": null
  }
},
{
  "model": "notifications.notification",
  "pk": 19,
  "fields": {
    "user": [
      "superadmin"
    ],
    "title": "New Contact Message",
    "message": "Contact from robin <robin@gmail.com>: rfdwsa",
    "notification_type": "system",
    "link": "/support/admin/messages/",
    "is_read": false,
    "is_sent": false,
    "created_at": "2026-06-16T10:19:38.784Z",
    "read_at": null
  }
},
{
  "model": "notifications.notification",
  "pk": 20,
  "fields": {
    "user": [
      "taylerswift"
    ],
    "title": "New Problem Report",
    "message": "Problem report from robin <robin@gmail.com>: ui",
    "notification_type": "system",
    "link": "/support/admin/messages/",
    "is_read": true,
    "is_sent": false,
    "created_at": "2026-06-16T10:20:17.292Z",
    "read_at": null
  }
},
{
  "model": "notifications.notification",
  "pk": 21,
  "fields": {
    "user": [
      "superadmin"
    ],
    "title": "New Problem Report",
    "message": "Problem report from robin <robin@gmail.com>: ui",
    "notification_type": "system",
    "link": "/support/admin/messages/",
    "is_read": false,
    "is_sent": false,
    "created_at": "2026-06-16T10:20:17.292Z",
    "read_at": null
  }
},
{
  "model": "notifications.notification",
  "pk": 22,
  "fields": {
    "user": [
      "taylerswift"
    ],
    "title": "New Trainer Booking",
    "message": "Taqdees golandaz requested a session with Neha Gupta on 2026-06-17",
    "notification_type": "trainer",
    "link": "/trainers/admin/bookings/",
    "is_read": true,
    "is_sent": false,
    "created_at": "2026-06-16T10:39:45.845Z",
    "read_at": null
  }
},
{
  "model": "notifications.notification",
  "pk": 23,
  "fields": {
    "user": [
      "superadmin"
    ],
    "title": "New Trainer Booking",
    "message": "Taqdees golandaz requested a session with Neha Gupta on 2026-06-17",
    "notification_type": "trainer",
    "link": "/trainers/admin/bookings/",
    "is_read": false,
    "is_sent": false,
    "created_at": "2026-06-16T10:39:45.845Z",
    "read_at": null
  }
},
{
  "model": "notifications.notification",
  "pk": 25,
  "fields": {
    "user": [
      "taylerswift"
    ],
    "title": "New Newsletter Subscriber",
    "message": "New subscriber: rohu@gmail.com",
    "notification_type": "system",
    "link": "/notifications/admin/newsletter/",
    "is_read": true,
    "is_sent": false,
    "created_at": "2026-06-16T12:00:38.894Z",
    "read_at": null
  }
},
{
  "model": "notifications.notification",
  "pk": 26,
  "fields": {
    "user": [
      "superadmin"
    ],
    "title": "New Newsletter Subscriber",
    "message": "New subscriber: rohu@gmail.com",
    "notification_type": "system",
    "link": "/notifications/admin/newsletter/",
    "is_read": false,
    "is_sent": false,
    "created_at": "2026-06-16T12:00:38.913Z",
    "read_at": null
  }
},
{
  "model": "notifications.notification",
  "pk": 27,
  "fields": {
    "user": [
      "taylerswift"
    ],
    "title": "New Trainer Booking",
    "message": "Sandeep jaiswal requested a session with Sanjay Mehta on 2026-06-17",
    "notification_type": "trainer",
    "link": "/trainers/admin/bookings/",
    "is_read": true,
    "is_sent": false,
    "created_at": "2026-06-16T12:06:12.099Z",
    "read_at": null
  }
},
{
  "model": "notifications.notification",
  "pk": 28,
  "fields": {
    "user": [
      "superadmin"
    ],
    "title": "New Trainer Booking",
    "message": "Sandeep jaiswal requested a session with Sanjay Mehta on 2026-06-17",
    "notification_type": "trainer",
    "link": "/trainers/admin/bookings/",
    "is_read": false,
    "is_sent": false,
    "created_at": "2026-06-16T12:06:12.109Z",
    "read_at": null
  }
},
{
  "model": "notifications.notification",
  "pk": 29,
  "fields": {
    "user": [
      "taylerswift"
    ],
    "title": "New Trainer Booking",
    "message": "Sandeep jaiswal requested a session with Priya Patel on 2026-06-16",
    "notification_type": "trainer",
    "link": "/trainers/admin/bookings/",
    "is_read": true,
    "is_sent": false,
    "created_at": "2026-06-16T12:10:47.964Z",
    "read_at": null
  }
},
{
  "model": "notifications.notification",
  "pk": 30,
  "fields": {
    "user": [
      "superadmin"
    ],
    "title": "New Trainer Booking",
    "message": "Sandeep jaiswal requested a session with Priya Patel on 2026-06-16",
    "notification_type": "trainer",
    "link": "/trainers/admin/bookings/",
    "is_read": false,
    "is_sent": false,
    "created_at": "2026-06-16T12:10:47.972Z",
    "read_at": null
  }
},
{
  "model": "notifications.notification",
  "pk": 31,
  "fields": {
    "user": [
      "taylerswift"
    ],
    "title": "New Support Request",
    "message": "Support request from Sandeep jaiswal <sandy@gmail.com>: erteyrttrsytr",
    "notification_type": "system",
    "link": "/support/admin/messages/",
    "is_read": true,
    "is_sent": false,
    "created_at": "2026-06-16T12:11:29.435Z",
    "read_at": null
  }
},
{
  "model": "notifications.notification",
  "pk": 32,
  "fields": {
    "user": [
      "superadmin"
    ],
    "title": "New Support Request",
    "message": "Support request from Sandeep jaiswal <sandy@gmail.com>: erteyrttrsytr",
    "notification_type": "system",
    "link": "/support/admin/messages/",
    "is_read": false,
    "is_sent": false,
    "created_at": "2026-06-16T12:11:29.442Z",
    "read_at": null
  }
},
{
  "model": "notifications.notification",
  "pk": 33,
  "fields": {
    "user": [
      "taylerswift"
    ],
    "title": "New Contact Message",
    "message": "Contact from Sandeep jaiswal <sandy@gmail.com>: rtuyh6tutyuj",
    "notification_type": "system",
    "link": "/support/admin/messages/",
    "is_read": true,
    "is_sent": false,
    "created_at": "2026-06-16T12:11:55.945Z",
    "read_at": null
  }
},
{
  "model": "notifications.notification",
  "pk": 34,
  "fields": {
    "user": [
      "superadmin"
    ],
    "title": "New Contact Message",
    "message": "Contact from Sandeep jaiswal <sandy@gmail.com>: rtuyh6tutyuj",
    "notification_type": "system",
    "link": "/support/admin/messages/",
    "is_read": false,
    "is_sent": false,
    "created_at": "2026-06-16T12:11:55.953Z",
    "read_at": null
  }
},
{
  "model": "notifications.notification",
  "pk": 35,
  "fields": {
    "user": [
      "taylerswift"
    ],
    "title": "New Contact Message",
    "message": "Contact from Sandeep jaiswal <sandy@gmail.com>: rtuyhtt6uy",
    "notification_type": "system",
    "link": "/support/admin/messages/",
    "is_read": true,
    "is_sent": false,
    "created_at": "2026-06-16T12:13:28.754Z",
    "read_at": null
  }
},
{
  "model": "notifications.notification",
  "pk": 36,
  "fields": {
    "user": [
      "superadmin"
    ],
    "title": "New Contact Message",
    "message": "Contact from Sandeep jaiswal <sandy@gmail.com>: rtuyhtt6uy",
    "notification_type": "system",
    "link": "/support/admin/messages/",
    "is_read": false,
    "is_sent": false,
    "created_at": "2026-06-16T12:13:28.762Z",
    "read_at": null
  }
},
{
  "model": "notifications.notification",
  "pk": 37,
  "fields": {
    "user": [
      "taylerswift"
    ],
    "title": "New Contact Message",
    "message": "Contact from Sandeep jaiswal <sandy@gmail.com>: ertgreyhbtr",
    "notification_type": "system",
    "link": "/support/admin/messages/",
    "is_read": true,
    "is_sent": false,
    "created_at": "2026-06-16T12:14:09.031Z",
    "read_at": null
  }
},
{
  "model": "notifications.notification",
  "pk": 38,
  "fields": {
    "user": [
      "superadmin"
    ],
    "title": "New Contact Message",
    "message": "Contact from Sandeep jaiswal <sandy@gmail.com>: ertgreyhbtr",
    "notification_type": "system",
    "link": "/support/admin/messages/",
    "is_read": false,
    "is_sent": false,
    "created_at": "2026-06-16T12:14:09.041Z",
    "read_at": null
  }
},
{
  "model": "notifications.notification",
  "pk": 39,
  "fields": {
    "user": [
      "taylerswift"
    ],
    "title": "New Contact Message",
    "message": "Contact from Sandeep jaiswal <sandy@gmail.com>: fdhgtrfhrtd",
    "notification_type": "system",
    "link": "/support/admin/messages/",
    "is_read": true,
    "is_sent": false,
    "created_at": "2026-06-16T12:15:30.894Z",
    "read_at": null
  }
},
{
  "model": "notifications.notification",
  "pk": 40,
  "fields": {
    "user": [
      "superadmin"
    ],
    "title": "New Contact Message",
    "message": "Contact from Sandeep jaiswal <sandy@gmail.com>: fdhgtrfhrtd",
    "notification_type": "system",
    "link": "/support/admin/messages/",
    "is_read": false,
    "is_sent": false,
    "created_at": "2026-06-16T12:15:30.908Z",
    "read_at": null
  }
},
{
  "model": "notifications.notification",
  "pk": 41,
  "fields": {
    "user": [
      "taylerswift"
    ],
    "title": "New Contact Message",
    "message": "Contact from Sandeep jaiswal <sandy@gmail.com>: hgdyhfcjhg",
    "notification_type": "system",
    "link": "/support/admin/messages/",
    "is_read": true,
    "is_sent": false,
    "created_at": "2026-06-16T12:17:30.298Z",
    "read_at": null
  }
},
{
  "model": "notifications.notification",
  "pk": 42,
  "fields": {
    "user": [
      "superadmin"
    ],
    "title": "New Contact Message",
    "message": "Contact from Sandeep jaiswal <sandy@gmail.com>: hgdyhfcjhg",
    "notification_type": "system",
    "link": "/support/admin/messages/",
    "is_read": false,
    "is_sent": false,
    "created_at": "2026-06-16T12:17:30.343Z",
    "read_at": null
  }
},
{
  "model": "notifications.notification",
  "pk": 44,
  "fields": {
    "user": [
      "superadmin"
    ],
    "title": "New Contact Message",
    "message": "Contact from Sandeep jaiswal <sandy@gmail.com>: fdhfdhfghfg",
    "notification_type": "system",
    "link": "/support/admin/messages/",
    "is_read": false,
    "is_sent": false,
    "created_at": "2026-06-16T12:23:29.283Z",
    "read_at": null
  }
},
{
  "model": "notifications.notification",
  "pk": 46,
  "fields": {
    "user": [
      "sandy123"
    ],
    "title": "✅ Booking Approved!",
    "message": "Your session with Sanjay Mehta on 2026-06-17 at 11:00:00 has been approved.",
    "notification_type": "trainer",
    "link": "/trainers/session/8/",
    "is_read": false,
    "is_sent": false,
    "created_at": "2026-06-16T12:40:59.845Z",
    "read_at": null
  }
},
{
  "model": "notifications.notification",
  "pk": 47,
  "fields": {
    "user": [
      "sandy123"
    ],
    "title": "❌ Booking Rejected",
    "message": "Your session request with Priya Patel on 2026-06-16 has been rejected. Reason: no",
    "notification_type": "trainer",
    "link": "/trainers/my-sessions/#rejected",
    "is_read": false,
    "is_sent": false,
    "created_at": "2026-06-16T12:41:21.403Z",
    "read_at": null
  }
},
{
  "model": "notifications.notification",
  "pk": 49,
  "fields": {
    "user": [
      "superadmin"
    ],
    "title": "New Trainer Booking",
    "message": "Sandeep jaiswal requested a session with Sanjay Mehta on 2026-06-16",
    "notification_type": "trainer",
    "link": "/trainers/admin/bookings/",
    "is_read": false,
    "is_sent": false,
    "created_at": "2026-06-16T12:50:16.513Z",
    "read_at": null
  }
},
{
  "model": "notifications.notification",
  "pk": 50,
  "fields": {
    "user": [
      "sandy123"
    ],
    "title": "✅ Booking Approved!",
    "message": "Your session with Sanjay Mehta on 2026-06-16 at 09:00:00 has been approved.",
    "notification_type": "trainer",
    "link": "/trainers/session/10/",
    "is_read": false,
    "is_sent": false,
    "created_at": "2026-06-16T12:50:57.921Z",
    "read_at": null
  }
},
{
  "model": "notifications.notification",
  "pk": 52,
  "fields": {
    "user": [
      "sandy123"
    ],
    "title": "🎉 Session Completed!",
    "message": "Your session with Sanjay Mehta has been completed. Please leave a review!",
    "notification_type": "trainer",
    "link": "/trainers/review/9/",
    "is_read": false,
    "is_sent": false,
    "created_at": "2026-06-16T12:52:56.537Z",
    "read_at": null
  }
},
{
  "model": "notifications.notification",
  "pk": 53,
  "fields": {
    "user": [
      "sandy123"
    ],
    "title": "🎉 Session Completed!",
    "message": "Your session with Sanjay Mehta has been completed. Please leave a review!",
    "notification_type": "trainer",
    "link": "/trainers/review/9/",
    "is_read": false,
    "is_sent": false,
    "created_at": "2026-06-16T12:53:06.386Z",
    "read_at": null
  }
},
{
  "model": "notifications.notification",
  "pk": 56,
  "fields": {
    "user": [
      "taylerswift"
    ],
    "title": "New Trainer Booking",
    "message": "Taqdees golandaz requested a session with Vikram Singh on 2026-06-17",
    "notification_type": "trainer",
    "link": "/trainers/admin/bookings/",
    "is_read": false,
    "is_sent": false,
    "created_at": "2026-06-16T12:54:49.609Z",
    "read_at": null
  }
},
{
  "model": "notifications.notification",
  "pk": 57,
  "fields": {
    "user": [
      "superadmin"
    ],
    "title": "New Trainer Booking",
    "message": "Taqdees golandaz requested a session with Vikram Singh on 2026-06-17",
    "notification_type": "trainer",
    "link": "/trainers/admin/bookings/",
    "is_read": false,
    "is_sent": false,
    "created_at": "2026-06-16T12:54:49.620Z",
    "read_at": null
  }
},
{
  "model": "notifications.notification",
  "pk": 59,
  "fields": {
    "user": [
      "taylerswift"
    ],
    "title": "New Contact Message",
    "message": "Contact from Taqdees golandaz <taqdisgolandaz@gmail.com>: yhrtyhr",
    "notification_type": "system",
    "link": "/support/admin/messages/",
    "is_read": false,
    "is_sent": false,
    "created_at": "2026-06-16T13:10:19.821Z",
    "read_at": null
  }
},
{
  "model": "notifications.notification",
  "pk": 60,
  "fields": {
    "user": [
      "superadmin"
    ],
    "title": "New Contact Message",
    "message": "Contact from Taqdees golandaz <taqdisgolandaz@gmail.com>: yhrtyhr",
    "notification_type": "system",
    "link": "/support/admin/messages/",
    "is_read": false,
    "is_sent": false,
    "created_at": "2026-06-16T13:10:19.832Z",
    "read_at": null
  }
},
{
  "model": "notifications.notification",
  "pk": 61,
  "fields": {
    "user": [
      "taylerswift"
    ],
    "title": "New Contact Message",
    "message": "Contact from Taqdees golandaz <taqdisgolandaz@gmail.com>: dfhtfdjhfgrt",
    "notification_type": "system",
    "link": "/support/admin/messages/",
    "is_read": false,
    "is_sent": false,
    "created_at": "2026-06-16T13:12:21.552Z",
    "read_at": null
  }
},
{
  "model": "notifications.notification",
  "pk": 62,
  "fields": {
    "user": [
      "superadmin"
    ],
    "title": "New Contact Message",
    "message": "Contact from Taqdees golandaz <taqdisgolandaz@gmail.com>: dfhtfdjhfgrt",
    "notification_type": "system",
    "link": "/support/admin/messages/",
    "is_read": false,
    "is_sent": false,
    "created_at": "2026-06-16T13:12:21.736Z",
    "read_at": null
  }
},
{
  "model": "notifications.notification",
  "pk": 63,
  "fields": {
    "user": [
      "taylerswift"
    ],
    "title": "New Contact Message",
    "message": "Contact from Taqdees golandaz <taqdisgolandaz@gmail.com>: nooo subject",
    "notification_type": "system",
    "link": "/support/admin/messages/",
    "is_read": false,
    "is_sent": false,
    "created_at": "2026-06-16T13:16:10.435Z",
    "read_at": null
  }
},
{
  "model": "notifications.notification",
  "pk": 64,
  "fields": {
    "user": [
      "superadmin"
    ],
    "title": "New Contact Message",
    "message": "Contact from Taqdees golandaz <taqdisgolandaz@gmail.com>: nooo subject",
    "notification_type": "system",
    "link": "/support/admin/messages/",
    "is_read": false,
    "is_sent": false,
    "created_at": "2026-06-16T13:16:10.453Z",
    "read_at": null
  }
},
{
  "model": "notifications.notification",
  "pk": 65,
  "fields": {
    "user": [
      "taylerswift"
    ],
    "title": "New Newsletter Subscriber",
    "message": "New subscriber: bobby@gmail.com",
    "notification_type": "system",
    "link": "/notifications/admin/newsletter/",
    "is_read": false,
    "is_sent": false,
    "created_at": "2026-06-16T13:17:44.764Z",
    "read_at": null
  }
},
{
  "model": "notifications.notification",
  "pk": 66,
  "fields": {
    "user": [
      "superadmin"
    ],
    "title": "New Newsletter Subscriber",
    "message": "New subscriber: bobby@gmail.com",
    "notification_type": "system",
    "link": "/notifications/admin/newsletter/",
    "is_read": false,
    "is_sent": false,
    "created_at": "2026-06-16T13:17:44.780Z",
    "read_at": null
  }
},
{
  "model": "notifications.notification",
  "pk": 67,
  "fields": {
    "user": [
      "taylerswift"
    ],
    "title": "New Contact Message",
    "message": "Contact from Taqdees golandaz <taqdisgolandaz@gmail.com>: Jsjjsj",
    "notification_type": "system",
    "link": "/support/admin/messages/",
    "is_read": false,
    "is_sent": false,
    "created_at": "2026-06-16T13:18:43.194Z",
    "read_at": null
  }
},
{
  "model": "notifications.notification",
  "pk": 68,
  "fields": {
    "user": [
      "superadmin"
    ],
    "title": "New Contact Message",
    "message": "Contact from Taqdees golandaz <taqdisgolandaz@gmail.com>: Jsjjsj",
    "notification_type": "system",
    "link": "/support/admin/messages/",
    "is_read": false,
    "is_sent": false,
    "created_at": "2026-06-16T13:18:43.209Z",
    "read_at": null
  }
},
{
  "model": "notifications.notification",
  "pk": 69,
  "fields": {
    "user": [
      "taylerswift"
    ],
    "title": "New Contact Message",
    "message": "Contact from Taqdees golandaz <taqdisgolandaz@gmail.com>: Wkwkwkkwk",
    "notification_type": "system",
    "link": "/support/admin/messages/",
    "is_read": false,
    "is_sent": false,
    "created_at": "2026-06-16T13:19:03.951Z",
    "read_at": null
  }
},
{
  "model": "notifications.notification",
  "pk": 70,
  "fields": {
    "user": [
      "superadmin"
    ],
    "title": "New Contact Message",
    "message": "Contact from Taqdees golandaz <taqdisgolandaz@gmail.com>: Wkwkwkkwk",
    "notification_type": "system",
    "link": "/support/admin/messages/",
    "is_read": false,
    "is_sent": false,
    "created_at": "2026-06-16T13:19:03.967Z",
    "read_at": null
  }
},
{
  "model": "notifications.notification",
  "pk": 71,
  "fields": {
    "user": [
      "taylerswift"
    ],
    "title": "New Problem Report",
    "message": "Problem report from Taqdees golandaz <taqdisgolandaz@gmail.com>: diet",
    "notification_type": "system",
    "link": "/support/admin/messages/",
    "is_read": false,
    "is_sent": false,
    "created_at": "2026-06-16T13:20:05.376Z",
    "read_at": null
  }
},
{
  "model": "notifications.notification",
  "pk": 72,
  "fields": {
    "user": [
      "superadmin"
    ],
    "title": "New Problem Report",
    "message": "Problem report from Taqdees golandaz <taqdisgolandaz@gmail.com>: diet",
    "notification_type": "system",
    "link": "/support/admin/messages/",
    "is_read": false,
    "is_sent": false,
    "created_at": "2026-06-16T13:20:05.376Z",
    "read_at": null
  }
},
{
  "model": "notifications.notification",
  "pk": 73,
  "fields": {
    "user": [
      "taylerswift"
    ],
    "title": "New Contact Message",
    "message": "Contact from Taqdees golandaz <taqdisgolandaz@gmail.com>: 3ejejejjejdhm",
    "notification_type": "system",
    "link": "/support/admin/messages/",
    "is_read": false,
    "is_sent": false,
    "created_at": "2026-06-16T13:23:04.839Z",
    "read_at": null
  }
},
{
  "model": "notifications.notification",
  "pk": 74,
  "fields": {
    "user": [
      "superadmin"
    ],
    "title": "New Contact Message",
    "message": "Contact from Taqdees golandaz <taqdisgolandaz@gmail.com>: 3ejejejjejdhm",
    "notification_type": "system",
    "link": "/support/admin/messages/",
    "is_read": false,
    "is_sent": false,
    "created_at": "2026-06-16T13:23:04.855Z",
    "read_at": null
  }
},
{
  "model": "notifications.notification",
  "pk": 75,
  "fields": {
    "user": [
      "taylerswift"
    ],
    "title": "New Contact Message",
    "message": "Contact from Taqdees golandaz <taqdisgolandaz@gmail.com>: Fewrtgre",
    "notification_type": "system",
    "link": "/support/admin/messages/",
    "is_read": false,
    "is_sent": false,
    "created_at": "2026-06-16T13:25:12.709Z",
    "read_at": null
  }
},
{
  "model": "notifications.notification",
  "pk": 76,
  "fields": {
    "user": [
      "superadmin"
    ],
    "title": "New Contact Message",
    "message": "Contact from Taqdees golandaz <taqdisgolandaz@gmail.com>: Fewrtgre",
    "notification_type": "system",
    "link": "/support/admin/messages/",
    "is_read": false,
    "is_sent": false,
    "created_at": "2026-06-16T13:25:12.724Z",
    "read_at": null
  }
},
{
  "model": "notifications.notification",
  "pk": 77,
  "fields": {
    "user": [
      "taylerswift"
    ],
    "title": "New Contact Message",
    "message": "Contact from Sandeep jaiswal <taqdisgolandaz@gmail.com>: ryryrty",
    "notification_type": "system",
    "link": "/support/admin/messages/",
    "is_read": false,
    "is_sent": false,
    "created_at": "2026-06-16T13:27:24.611Z",
    "read_at": null
  }
},
{
  "model": "notifications.notification",
  "pk": 78,
  "fields": {
    "user": [
      "superadmin"
    ],
    "title": "New Contact Message",
    "message": "Contact from Sandeep jaiswal <taqdisgolandaz@gmail.com>: ryryrty",
    "notification_type": "system",
    "link": "/support/admin/messages/",
    "is_read": false,
    "is_sent": false,
    "created_at": "2026-06-16T13:27:24.621Z",
    "read_at": null
  }
},
{
  "model": "notifications.notification",
  "pk": 79,
  "fields": {
    "user": [
      "taylerswift"
    ],
    "title": "New Problem Report",
    "message": "Problem report from banana <librarian@example.com>: ui",
    "notification_type": "system",
    "link": "/support/admin/messages/",
    "is_read": false,
    "is_sent": false,
    "created_at": "2026-06-16T13:29:01.654Z",
    "read_at": null
  }
},
{
  "model": "notifications.notification",
  "pk": 80,
  "fields": {
    "user": [
      "superadmin"
    ],
    "title": "New Problem Report",
    "message": "Problem report from banana <librarian@example.com>: ui",
    "notification_type": "system",
    "link": "/support/admin/messages/",
    "is_read": false,
    "is_sent": false,
    "created_at": "2026-06-16T13:29:01.663Z",
    "read_at": null
  }
},
{
  "model": "notifications.notification",
  "pk": 81,
  "fields": {
    "user": [
      "taylerswift"
    ],
    "title": "New Problem Report",
    "message": "Problem report from orange  <rahul@gmail.com>: trainer",
    "notification_type": "system",
    "link": "/support/admin/messages/",
    "is_read": false,
    "is_sent": false,
    "created_at": "2026-06-16T13:29:46.269Z",
    "read_at": null
  }
},
{
  "model": "notifications.notification",
  "pk": 82,
  "fields": {
    "user": [
      "superadmin"
    ],
    "title": "New Problem Report",
    "message": "Problem report from orange  <rahul@gmail.com>: trainer",
    "notification_type": "system",
    "link": "/support/admin/messages/",
    "is_read": false,
    "is_sent": false,
    "created_at": "2026-06-16T13:29:46.288Z",
    "read_at": null
  }
},
{
  "model": "notifications.notification",
  "pk": 83,
  "fields": {
    "user": [
      "taylerswift"
    ],
    "title": "New Problem Report",
    "message": "Problem report from Taqdees golandaz <taqdisgolandaz@gmail.com>: login",
    "notification_type": "system",
    "link": "/support/admin/messages/",
    "is_read": false,
    "is_sent": false,
    "created_at": "2026-06-16T13:31:45.127Z",
    "read_at": null
  }
},
{
  "model": "notifications.notification",
  "pk": 84,
  "fields": {
    "user": [
      "superadmin"
    ],
    "title": "New Problem Report",
    "message": "Problem report from Taqdees golandaz <taqdisgolandaz@gmail.com>: login",
    "notification_type": "system",
    "link": "/support/admin/messages/",
    "is_read": false,
    "is_sent": false,
    "created_at": "2026-06-16T13:31:45.142Z",
    "read_at": null
  }
},
{
  "model": "notifications.notification",
  "pk": 85,
  "fields": {
    "user": [
      "taylerswift"
    ],
    "title": "New Contact Message",
    "message": "Contact from Taqdees golandaz <taqdisgolandaz@gmail.com>: Is kjjdjdjid",
    "notification_type": "system",
    "link": "/support/admin/messages/",
    "is_read": false,
    "is_sent": false,
    "created_at": "2026-06-16T13:34:10.302Z",
    "read_at": null
  }
},
{
  "model": "notifications.notification",
  "pk": 86,
  "fields": {
    "user": [
      "superadmin"
    ],
    "title": "New Contact Message",
    "message": "Contact from Taqdees golandaz <taqdisgolandaz@gmail.com>: Is kjjdjdjid",
    "notification_type": "system",
    "link": "/support/admin/messages/",
    "is_read": false,
    "is_sent": false,
    "created_at": "2026-06-16T13:34:10.318Z",
    "read_at": null
  }
},
{
  "model": "notifications.notification",
  "pk": 96,
  "fields": {
    "user": [
      "taylerswift"
    ],
    "title": "Account Deactivated: justinbieber",
    "message": "You have deactivated the account for Justin Bieber",
    "notification_type": "system",
    "link": "/admin/users/",
    "is_read": false,
    "is_sent": false,
    "created_at": "2026-06-22T10:14:26.230Z",
    "read_at": null
  }
},
{
  "model": "notifications.notification",
  "pk": 97,
  "fields": {
    "user": [
      "taylerswift"
    ],
    "title": "Account Deactivated: taqdeesgolandaz",
    "message": "You have deactivated the account for Taqdees golandaz",
    "notification_type": "system",
    "link": "/admin/users/",
    "is_read": false,
    "is_sent": false,
    "created_at": "2026-06-22T10:18:54.694Z",
    "read_at": null
  }
},
{
  "model": "notifications.notification",
  "pk": 98,
  "fields": {
    "user": [
      "taylerswift"
    ],
    "title": "Account Deactivated: taqdeesgolandaz",
    "message": "You have deactivated the account for Taqdees golandaz",
    "notification_type": "system",
    "link": "/admin/users/",
    "is_read": false,
    "is_sent": false,
    "created_at": "2026-06-22T10:19:27.092Z",
    "read_at": null
  }
},
{
  "model": "notifications.notification",
  "pk": 99,
  "fields": {
    "user": [
      "taylerswift"
    ],
    "title": "Account Reactivated: taqdeesgolandaz",
    "message": "You have reactivated the account for Taqdees golandaz",
    "notification_type": "system",
    "link": "/admin/users/",
    "is_read": false,
    "is_sent": false,
    "created_at": "2026-06-22T10:31:43.214Z",
    "read_at": null
  }
},
{
  "model": "notifications.notification",
  "pk": 100,
  "fields": {
    "user": [
      "taylerswift"
    ],
    "title": "Account Deactivated: taqdeesgolandaz",
    "message": "You have deactivated the account for Taqdees golandaz",
    "notification_type": "system",
    "link": "/admin/users/",
    "is_read": false,
    "is_sent": false,
    "created_at": "2026-06-22T10:42:42.577Z",
    "read_at": null
  }
},
{
  "model": "notifications.notification",
  "pk": 101,
  "fields": {
    "user": [
      "taylerswift"
    ],
    "title": "Account Reactivated: justinbieber",
    "message": "You have reactivated the account for Justin Bieber",
    "notification_type": "system",
    "link": "/admin/users/",
    "is_read": false,
    "is_sent": false,
    "created_at": "2026-06-22T11:02:19.864Z",
    "read_at": null
  }
},
{
  "model": "notifications.notification",
  "pk": 102,
  "fields": {
    "user": [
      "taylerswift"
    ],
    "title": "Account Recovered: taqdeesgolandaz",
    "message": "You have recovered the account for taqdeesgolandaz",
    "notification_type": "system",
    "link": "/admin/users/",
    "is_read": false,
    "is_sent": false,
    "created_at": "2026-06-22T11:32:49.580Z",
    "read_at": null
  }
},
{
  "model": "notifications.notification",
  "pk": 103,
  "fields": {
    "user": [
      "taylerswift"
    ],
    "title": "Account Recovered: taqdeesgolandaz",
    "message": "You have recovered the account for taqdeesgolandaz",
    "notification_type": "system",
    "link": "/admin/users/",
    "is_read": false,
    "is_sent": false,
    "created_at": "2026-06-22T11:55:57.575Z",
    "read_at": null
  }
},
{
  "model": "notifications.notification",
  "pk": 104,
  "fields": {
    "user": [
      "taylerswift"
    ],
    "title": "Account Recovered: taqdeesgolandaz",
    "message": "You have recovered the account for taqdeesgolandaz",
    "notification_type": "system",
    "link": "/admin/users/",
    "is_read": false,
    "is_sent": false,
    "created_at": "2026-06-22T12:03:55.472Z",
    "read_at": null
  }
},
{
  "model": "notifications.notification",
  "pk": 105,
  "fields": {
    "user": [
      "taylerswift"
    ],
    "title": "Account Deactivated: taqdeesgolandaz",
    "message": "You have deactivated the account for taqdeesgolandaz",
    "notification_type": "system",
    "link": "/admin/users/",
    "is_read": false,
    "is_sent": false,
    "created_at": "2026-06-22T12:58:29.055Z",
    "read_at": null
  }
},
{
  "model": "notifications.notification",
  "pk": 106,
  "fields": {
    "user": [
      "taylerswift"
    ],
    "title": "Account Reactivated: taqdeesgolandaz",
    "message": "You have reactivated the account for taqdeesgolandaz",
    "notification_type": "system",
    "link": "/admin/users/",
    "is_read": false,
    "is_sent": false,
    "created_at": "2026-06-22T12:59:31.881Z",
    "read_at": null
  }
},
{
  "model": "notifications.notification",
  "pk": 107,
  "fields": {
    "user": [
      "taylerswift"
    ],
    "title": "Account Recovered: taqdeesgolandaz",
    "message": "You have recovered the account for taqdeesgolandaz",
    "notification_type": "system",
    "link": "/admin/users/",
    "is_read": false,
    "is_sent": false,
    "created_at": "2026-06-22T13:01:35.136Z",
    "read_at": null
  }
},
{
  "model": "notifications.notification",
  "pk": 108,
  "fields": {
    "user": [
      "taylerswift"
    ],
    "title": "Account Deactivated: taqdeesgolandaz",
    "message": "You have deactivated the account for taqdeesgolandaz",
    "notification_type": "system",
    "link": "/admin/users/",
    "is_read": false,
    "is_sent": false,
    "created_at": "2026-06-24T08:41:00.861Z",
    "read_at": null
  }
},
{
  "model": "notifications.notification",
  "pk": 109,
  "fields": {
    "user": [
      "taylerswift"
    ],
    "title": "Account Reactivated: taqdeesgolandaz",
    "message": "You have reactivated the account for taqdeesgolandaz",
    "notification_type": "system",
    "link": "/admin/users/",
    "is_read": false,
    "is_sent": false,
    "created_at": "2026-06-24T08:43:50.964Z",
    "read_at": null
  }
},
{
  "model": "notifications.notification",
  "pk": 110,
  "fields": {
    "user": [
      "taylerswift"
    ],
    "title": "Account Deactivated: taqdeesgolandaz",
    "message": "You have deactivated the account for taqdeesgolandaz",
    "notification_type": "system",
    "link": "/admin/users/",
    "is_read": false,
    "is_sent": false,
    "created_at": "2026-06-24T08:44:34.951Z",
    "read_at": null
  }
},
{
  "model": "notifications.notification",
  "pk": 111,
  "fields": {
    "user": [
      "taylerswift"
    ],
    "title": "Account Reactivated: taqdeesgolandaz",
    "message": "You have reactivated the account for taqdeesgolandaz",
    "notification_type": "system",
    "link": "/admin/users/",
    "is_read": false,
    "is_sent": false,
    "created_at": "2026-06-24T08:46:11.990Z",
    "read_at": null
  }
},
{
  "model": "notifications.notification",
  "pk": 112,
  "fields": {
    "user": [
      "taylerswift"
    ],
    "title": "Account Deactivated: taqdeesgolandaz",
    "message": "You have deactivated the account for taqdeesgolandaz",
    "notification_type": "system",
    "link": "/admin/users/",
    "is_read": false,
    "is_sent": false,
    "created_at": "2026-06-24T08:46:32.973Z",
    "read_at": null
  }
},
{
  "model": "notifications.notification",
  "pk": 113,
  "fields": {
    "user": [
      "taylerswift"
    ],
    "title": "Account Reactivated: taqdeesgolandaz",
    "message": "You have reactivated the account for taqdeesgolandaz",
    "notification_type": "system",
    "link": "/admin/users/",
    "is_read": false,
    "is_sent": false,
    "created_at": "2026-06-24T08:49:31.208Z",
    "read_at": null
  }
},
{
  "model": "notifications.notification",
  "pk": 114,
  "fields": {
    "user": [
      "taylerswift"
    ],
    "title": "Account Deactivated: taqdeesgolandaz",
    "message": "You have deactivated the account for taqdeesgolandaz",
    "notification_type": "system",
    "link": "/admin/users/",
    "is_read": false,
    "is_sent": false,
    "created_at": "2026-06-24T08:49:53.620Z",
    "read_at": null
  }
},
{
  "model": "notifications.notification",
  "pk": 115,
  "fields": {
    "user": [
      "taylerswift"
    ],
    "title": "Account Reactivated: taqdeesgolandaz",
    "message": "You have reactivated the account for taqdeesgolandaz",
    "notification_type": "system",
    "link": "/admin/users/",
    "is_read": false,
    "is_sent": false,
    "created_at": "2026-06-24T08:54:13.455Z",
    "read_at": null
  }
},
{
  "model": "notifications.notification",
  "pk": 116,
  "fields": {
    "user": [
      "taylerswift"
    ],
    "title": "Account Deactivated: taqdeesgolandaz",
    "message": "You have deactivated the account for taqdeesgolandaz",
    "notification_type": "system",
    "link": "/admin/users/",
    "is_read": false,
    "is_sent": false,
    "created_at": "2026-06-24T08:55:06.954Z",
    "read_at": null
  }
},
{
  "model": "notifications.notification",
  "pk": 117,
  "fields": {
    "user": [
      "taylerswift"
    ],
    "title": "Account Reactivated: taqdeesgolandaz",
    "message": "You have reactivated the account for taqdeesgolandaz",
    "notification_type": "system",
    "link": "/admin/users/",
    "is_read": false,
    "is_sent": false,
    "created_at": "2026-06-24T08:55:43.502Z",
    "read_at": null
  }
},
{
  "model": "notifications.notification",
  "pk": 118,
  "fields": {
    "user": [
      "taylerswift"
    ],
    "title": "Account Recovered: taqdeesgolandaz",
    "message": "You have recovered the account for taqdeesgolandaz",
    "notification_type": "system",
    "link": "/admin/users/",
    "is_read": false,
    "is_sent": false,
    "created_at": "2026-06-24T08:58:48.396Z",
    "read_at": null
  }
},
{
  "model": "notifications.notification",
  "pk": 119,
  "fields": {
    "user": [
      "taylerswift"
    ],
    "title": "Account Recovered: taqdeesgolandaz",
    "message": "You have recovered the account for taqdeesgolandaz",
    "notification_type": "system",
    "link": "/admin/users/",
    "is_read": false,
    "is_sent": false,
    "created_at": "2026-06-24T09:04:23.419Z",
    "read_at": null
  }
},
{
  "model": "notifications.notification",
  "pk": 120,
  "fields": {
    "user": [
      "taylerswift"
    ],
    "title": "Account Recovered: taqdeesgolandaz",
    "message": "You have recovered the account for taqdeesgolandaz",
    "notification_type": "system",
    "link": "/admin/users/",
    "is_read": false,
    "is_sent": false,
    "created_at": "2026-06-24T09:08:48.109Z",
    "read_at": null
  }
},
{
  "model": "notifications.notification",
  "pk": 121,
  "fields": {
    "user": [
      "taylerswift"
    ],
    "title": "Account Recovered: taqdeesgolandaz",
    "message": "You have recovered the account for taqdeesgolandaz",
    "notification_type": "system",
    "link": "/admin/users/",
    "is_read": false,
    "is_sent": false,
    "created_at": "2026-06-24T09:12:23.253Z",
    "read_at": null
  }
},
{
  "model": "notifications.notification",
  "pk": 122,
  "fields": {
    "user": [
      "taylerswift"
    ],
    "title": "Account Recovered: taqdeesgolandaz",
    "message": "You have recovered the account for taqdeesgolandaz",
    "notification_type": "system",
    "link": "/admin/users/",
    "is_read": false,
    "is_sent": false,
    "created_at": "2026-06-24T09:16:47.700Z",
    "read_at": null
  }
},
{
  "model": "notifications.notification",
  "pk": 123,
  "fields": {
    "user": [
      "taylerswift"
    ],
    "title": "Account Recovered: taqdeesgolandaz",
    "message": "You have recovered the account for taqdeesgolandaz",
    "notification_type": "system",
    "link": "/admin/users/",
    "is_read": false,
    "is_sent": false,
    "created_at": "2026-06-24T09:20:09.699Z",
    "read_at": null
  }
},
{
  "model": "notifications.notification",
  "pk": 124,
  "fields": {
    "user": [
      "taylerswift"
    ],
    "title": "Account Recovered: taqdeesgolandaz",
    "message": "You have recovered the account for taqdeesgolandaz",
    "notification_type": "system",
    "link": "/admin/users/",
    "is_read": false,
    "is_sent": false,
    "created_at": "2026-06-24T09:22:13.848Z",
    "read_at": null
  }
},
{
  "model": "notifications.notification",
  "pk": 125,
  "fields": {
    "user": [
      "taylerswift"
    ],
    "title": "Account Recovered: taqdeesgolandaz",
    "message": "You have recovered the account for taqdeesgolandaz",
    "notification_type": "system",
    "link": "/admin/users/",
    "is_read": false,
    "is_sent": false,
    "created_at": "2026-06-24T09:26:20.045Z",
    "read_at": null
  }
},
{
  "model": "notifications.notification",
  "pk": 126,
  "fields": {
    "user": [
      "taylerswift"
    ],
    "title": "Account Recovered: taqdeesgolandaz",
    "message": "You have recovered the account for taqdeesgolandaz",
    "notification_type": "system",
    "link": "/admin/users/",
    "is_read": false,
    "is_sent": false,
    "created_at": "2026-06-24T09:45:11.275Z",
    "read_at": null
  }
},
{
  "model": "notifications.notification",
  "pk": 127,
  "fields": {
    "user": [
      "taylerswift"
    ],
    "title": "Account Recovered: taqdeesgolandaz",
    "message": "You have recovered the account for taqdeesgolandaz",
    "notification_type": "system",
    "link": "/admin/users/",
    "is_read": false,
    "is_sent": false,
    "created_at": "2026-06-24T09:47:05.820Z",
    "read_at": null
  }
},
{
  "model": "notifications.notification",
  "pk": 128,
  "fields": {
    "user": [
      "taylerswift"
    ],
    "title": "Account Recovered: taqdeesgolandaz",
    "message": "You have recovered the account for taqdeesgolandaz",
    "notification_type": "system",
    "link": "/admin/users/",
    "is_read": false,
    "is_sent": false,
    "created_at": "2026-06-24T09:55:43.309Z",
    "read_at": null
  }
},
{
  "model": "notifications.notification",
  "pk": 129,
  "fields": {
    "user": [
      "taylerswift"
    ],
    "title": "Account Deactivated: taqdeesgolandaz",
    "message": "You have deactivated the account for taqdeesgolandaz",
    "notification_type": "system",
    "link": "/admin/users/",
    "is_read": false,
    "is_sent": false,
    "created_at": "2026-06-24T09:56:26.497Z",
    "read_at": null
  }
},
{
  "model": "notifications.notification",
  "pk": 130,
  "fields": {
    "user": [
      "taylerswift"
    ],
    "title": "Account Reactivated: taqdeesgolandaz",
    "message": "You have reactivated the account for taqdeesgolandaz",
    "notification_type": "system",
    "link": "/admin/users/",
    "is_read": false,
    "is_sent": false,
    "created_at": "2026-06-24T09:56:48.506Z",
    "read_at": null
  }
},
{
  "model": "notifications.notification",
  "pk": 131,
  "fields": {
    "user": [
      "taylerswift"
    ],
    "title": "Account Deactivated: taqdeesgolandaz",
    "message": "You have deactivated the account for taqdeesgolandaz",
    "notification_type": "system",
    "link": "/admin/users/",
    "is_read": false,
    "is_sent": false,
    "created_at": "2026-06-24T10:19:02.582Z",
    "read_at": null
  }
},
{
  "model": "notifications.notification",
  "pk": 132,
  "fields": {
    "user": [
      "taylerswift"
    ],
    "title": "Account Reactivated: taqdeesgolandaz",
    "message": "You have reactivated the account for taqdeesgolandaz",
    "notification_type": "system",
    "link": "/admin/users/",
    "is_read": false,
    "is_sent": false,
    "created_at": "2026-06-24T10:19:39.182Z",
    "read_at": null
  }
},
{
  "model": "notifications.notification",
  "pk": 133,
  "fields": {
    "user": [
      "taylerswift"
    ],
    "title": "Account Deactivated: taqdeesgolandaz",
    "message": "You have deactivated the account for taqdeesgolandaz",
    "notification_type": "system",
    "link": "/admin/users/",
    "is_read": false,
    "is_sent": false,
    "created_at": "2026-06-25T04:35:02.855Z",
    "read_at": null
  }
},
{
  "model": "notifications.notification",
  "pk": 134,
  "fields": {
    "user": [
      "taylerswift"
    ],
    "title": "Account Reactivated: taqdeesgolandaz",
    "message": "You have reactivated the account for taqdeesgolandaz",
    "notification_type": "system",
    "link": "/admin/users/",
    "is_read": false,
    "is_sent": false,
    "created_at": "2026-06-25T04:35:36.544Z",
    "read_at": null
  }
},
{
  "model": "notifications.emaillog",
  "pk": 10,
  "fields": {
    "user": null,
    "email": "taqdisgolandaz@gemail.com",
    "subject": "FitZone SMTP Test",
    "email_type": "test",
    "status": "sent",
    "error_message": "",
    "sent_at": "2026-06-22T12:22:03.028Z"
  }
},
{
  "model": "notifications.emaillog",
  "pk": 11,
  "fields": {
    "user": null,
    "email": "taqdisgolandaz@gmail.com",
    "subject": "FitZone SMTP Test",
    "email_type": "test",
    "status": "sent",
    "error_message": "",
    "sent_at": "2026-06-22T12:24:56.343Z"
  }
},
{
  "model": "notifications.emaillog",
  "pk": 24,
  "fields": {
    "user": null,
    "email": "your@personal.email.com",
    "subject": "FitZone SMTP Test",
    "email_type": "test",
    "status": "sent",
    "error_message": "",
    "sent_at": "2026-06-24T08:02:42.505Z"
  }
},
{
  "model": "notifications.emaillog",
  "pk": 25,
  "fields": {
    "user": null,
    "email": "taqdisgolandaz@gmail.com",
    "subject": "FitZone SMTP Test",
    "email_type": "test",
    "status": "sent",
    "error_message": "",
    "sent_at": "2026-06-24T08:03:15.325Z"
  }
},
{
  "model": "notifications.emaillog",
  "pk": 46,
  "fields": {
    "user": [
      "taqdeesgolandaz"
    ],
    "email": "taqdisgolandaz@gmail.com",
    "subject": "Your FitZone Account Has Been Recovered",
    "email_type": "account_recovered",
    "status": "sent",
    "error_message": "",
    "sent_at": "2026-06-24T09:55:43.283Z"
  }
},
{
  "model": "notifications.emaillog",
  "pk": 47,
  "fields": {
    "user": [
      "taqdeesgolandaz"
    ],
    "email": "taqdisgolandaz@gmail.com",
    "subject": "Your FitZone Account Has Been Deactivated",
    "email_type": "account_deactivated",
    "status": "sent",
    "error_message": "",
    "sent_at": "2026-06-24T09:56:26.487Z"
  }
},
{
  "model": "notifications.emaillog",
  "pk": 48,
  "fields": {
    "user": [
      "taqdeesgolandaz"
    ],
    "email": "taqdisgolandaz@gmail.com",
    "subject": "Your FitZone Account Has Been Reactivated",
    "email_type": "account_reactivated",
    "status": "sent",
    "error_message": "",
    "sent_at": "2026-06-24T09:56:48.488Z"
  }
},
{
  "model": "notifications.emaillog",
  "pk": 49,
  "fields": {
    "user": [
      "taqdeesgolandaz"
    ],
    "email": "taqdisgolandaz@gmail.com",
    "subject": "Your FitZone Account Has Been Deactivated",
    "email_type": "account_deactivated",
    "status": "sent",
    "error_message": "",
    "sent_at": "2026-06-24T10:19:02.574Z"
  }
},
{
  "model": "notifications.emaillog",
  "pk": 50,
  "fields": {
    "user": [
      "taqdeesgolandaz"
    ],
    "email": "taqdisgolandaz@gmail.com",
    "subject": "Your FitZone Account Has Been Reactivated",
    "email_type": "account_reactivated",
    "status": "sent",
    "error_message": "",
    "sent_at": "2026-06-24T10:19:39.173Z"
  }
},
{
  "model": "notifications.emaillog",
  "pk": 51,
  "fields": {
    "user": null,
    "email": "fitzone.alerts@gmail.com",
    "subject": "FitZone SMTP Test",
    "email_type": "test",
    "status": "sent",
    "error_message": "",
    "sent_at": "2026-06-25T01:28:33.874Z"
  }
},
{
  "model": "notifications.emaillog",
  "pk": 52,
  "fields": {
    "user": null,
    "email": "taqdisgolandaz@gmail.com",
    "subject": "FitZone SMTP Test",
    "email_type": "test",
    "status": "sent",
    "error_message": "",
    "sent_at": "2026-06-25T01:29:52.346Z"
  }
},
{
  "model": "notifications.emaillog",
  "pk": 53,
  "fields": {
    "user": [
      "taqdeesgolandaz"
    ],
    "email": "taqdisgolandaz@gmail.com",
    "subject": "Your FitZone Account Has Been Deactivated",
    "email_type": "account_deactivated",
    "status": "sent",
    "error_message": "",
    "sent_at": "2026-06-25T04:35:02.839Z"
  }
},
{
  "model": "notifications.emaillog",
  "pk": 54,
  "fields": {
    "user": [
      "taqdeesgolandaz"
    ],
    "email": "taqdisgolandaz@gmail.com",
    "subject": "Your FitZone Account Has Been Reactivated",
    "email_type": "account_reactivated",
    "status": "sent",
    "error_message": "",
    "sent_at": "2026-06-25T04:35:36.504Z"
  }
},
{
  "model": "admin_dashboard.auditlog",
  "pk": 1,
  "fields": {
    "admin_user": [
      "taylerswift"
    ],
    "target_user": null,
    "action": "deactivate",
    "description": "Account deactivated via script - testing email notifications",
    "timestamp": "2026-06-22T10:14:23.310Z",
    "ip_address": "127.0.0.1"
  }
},
{
  "model": "admin_dashboard.auditlog",
  "pk": 2,
  "fields": {
    "admin_user": [
      "taylerswift"
    ],
    "target_user": null,
    "action": "deactivate",
    "description": "Account deactivated by taylerswift via script",
    "timestamp": "2026-06-22T10:18:51.615Z",
    "ip_address": "127.0.0.1"
  }
},
{
  "model": "admin_dashboard.auditlog",
  "pk": 3,
  "fields": {
    "admin_user": [
      "taylerswift"
    ],
    "target_user": null,
    "action": "deactivate",
    "description": "Account deactivated by taylerswift",
    "timestamp": "2026-06-22T10:19:24.610Z",
    "ip_address": "127.0.0.1"
  }
},
{
  "model": "admin_dashboard.auditlog",
  "pk": 4,
  "fields": {
    "admin_user": [
      "taylerswift"
    ],
    "target_user": null,
    "action": "reactivate",
    "description": "Account reactivated by taylerswift",
    "timestamp": "2026-06-22T10:31:39.972Z",
    "ip_address": "127.0.0.1"
  }
},
{
  "model": "admin_dashboard.auditlog",
  "pk": 5,
  "fields": {
    "admin_user": [
      "taylerswift"
    ],
    "target_user": null,
    "action": "deactivate",
    "description": "Account deactivated by taylerswift",
    "timestamp": "2026-06-22T10:42:39.710Z",
    "ip_address": "127.0.0.1"
  }
},
{
  "model": "admin_dashboard.auditlog",
  "pk": 6,
  "fields": {
    "admin_user": [
      "taylerswift"
    ],
    "target_user": null,
    "action": "reactivate",
    "description": "Account reactivated by taylerswift",
    "timestamp": "2026-06-22T11:02:17.337Z",
    "ip_address": "127.0.0.1"
  }
},
{
  "model": "admin_dashboard.auditlog",
  "pk": 7,
  "fields": {
    "admin_user": [
      "taylerswift"
    ],
    "target_user": null,
    "action": "delete",
    "description": "User account permanently deleted. Username: justinbieber, Email: justin@gmail.com",
    "timestamp": "2026-06-22T11:02:35.024Z",
    "ip_address": "127.0.0.1"
  }
},
{
  "model": "admin_dashboard.auditlog",
  "pk": 8,
  "fields": {
    "admin_user": [
      "taylerswift"
    ],
    "target_user": [
      "justinbieber"
    ],
    "action": "recreate",
    "description": "Recreated from audit 7",
    "timestamp": "2026-06-22T11:02:48.869Z",
    "ip_address": "127.0.0.1"
  }
},
{
  "model": "admin_dashboard.auditlog",
  "pk": 9,
  "fields": {
    "admin_user": [
      "taylerswift"
    ],
    "target_user": null,
    "action": "delete",
    "description": "User account permanently deleted. Username: taqdeesgolandaz, Email: taqdisgolandaz@gmail.com",
    "timestamp": "2026-06-22T11:17:55.117Z",
    "ip_address": "127.0.0.1"
  }
},
{
  "model": "admin_dashboard.auditlog",
  "pk": 10,
  "fields": {
    "admin_user": [
      "taylerswift"
    ],
    "target_user": null,
    "action": "recreate",
    "description": "Recreated from audit 9",
    "timestamp": "2026-06-22T11:32:47.087Z",
    "ip_address": "127.0.0.1"
  }
},
{
  "model": "admin_dashboard.auditlog",
  "pk": 11,
  "fields": {
    "admin_user": [
      "taylerswift"
    ],
    "target_user": null,
    "action": "delete",
    "description": "User account permanently deleted. Username: taqdeesgolandaz, Email: taqdisgolandaz@gmail.com",
    "timestamp": "2026-06-22T11:38:58.682Z",
    "ip_address": "127.0.0.1"
  }
},
{
  "model": "admin_dashboard.auditlog",
  "pk": 12,
  "fields": {
    "admin_user": [
      "taylerswift"
    ],
    "target_user": null,
    "action": "recreate",
    "description": "Recreated from audit 11",
    "timestamp": "2026-06-22T11:55:57.526Z",
    "ip_address": "127.0.0.1"
  }
},
{
  "model": "admin_dashboard.auditlog",
  "pk": 13,
  "fields": {
    "admin_user": [
      "taylerswift"
    ],
    "target_user": null,
    "action": "delete",
    "description": "User account permanently deleted. Username: taqdeesgolandaz, Email: taqdisgolandaz@gmail.com",
    "timestamp": "2026-06-22T11:57:14.161Z",
    "ip_address": "127.0.0.1"
  }
},
{
  "model": "admin_dashboard.auditlog",
  "pk": 14,
  "fields": {
    "admin_user": [
      "taylerswift"
    ],
    "target_user": null,
    "action": "recreate",
    "description": "Recreated from audit 13",
    "timestamp": "2026-06-22T12:03:55.444Z",
    "ip_address": "127.0.0.1"
  }
},
{
  "model": "admin_dashboard.auditlog",
  "pk": 15,
  "fields": {
    "admin_user": [
      "taylerswift"
    ],
    "target_user": null,
    "action": "deactivate",
    "description": "Account deactivated by taylerswift",
    "timestamp": "2026-06-22T12:58:25.302Z",
    "ip_address": "127.0.0.1"
  }
},
{
  "model": "admin_dashboard.auditlog",
  "pk": 16,
  "fields": {
    "admin_user": [
      "taylerswift"
    ],
    "target_user": null,
    "action": "reactivate",
    "description": "Account reactivated by taylerswift",
    "timestamp": "2026-06-22T12:59:27.905Z",
    "ip_address": "127.0.0.1"
  }
},
{
  "model": "admin_dashboard.auditlog",
  "pk": 17,
  "fields": {
    "admin_user": [
      "taylerswift"
    ],
    "target_user": null,
    "action": "delete",
    "description": "User account permanently deleted. Username: taqdeesgolandaz, Email: taqdisgolandaz@gmail.com",
    "timestamp": "2026-06-22T13:00:31.853Z",
    "ip_address": "127.0.0.1"
  }
},
{
  "model": "admin_dashboard.auditlog",
  "pk": 18,
  "fields": {
    "admin_user": [
      "taylerswift"
    ],
    "target_user": null,
    "action": "recreate",
    "description": "Recreated from audit 17",
    "timestamp": "2026-06-22T13:01:31.452Z",
    "ip_address": "127.0.0.1"
  }
},
{
  "model": "admin_dashboard.auditlog",
  "pk": 19,
  "fields": {
    "admin_user": [
      "taylerswift"
    ],
    "target_user": null,
    "action": "deactivate",
    "description": "Account deactivated by taylerswift",
    "timestamp": "2026-06-24T08:40:55.499Z",
    "ip_address": "127.0.0.1"
  }
},
{
  "model": "admin_dashboard.auditlog",
  "pk": 20,
  "fields": {
    "admin_user": [
      "taylerswift"
    ],
    "target_user": null,
    "action": "reactivate",
    "description": "Account reactivated by taylerswift",
    "timestamp": "2026-06-24T08:43:46.502Z",
    "ip_address": "127.0.0.1"
  }
},
{
  "model": "admin_dashboard.auditlog",
  "pk": 21,
  "fields": {
    "admin_user": [
      "taylerswift"
    ],
    "target_user": null,
    "action": "deactivate",
    "description": "Account deactivated by taylerswift",
    "timestamp": "2026-06-24T08:44:30.692Z",
    "ip_address": "127.0.0.1"
  }
},
{
  "model": "admin_dashboard.auditlog",
  "pk": 22,
  "fields": {
    "admin_user": [
      "taylerswift"
    ],
    "target_user": null,
    "action": "reactivate",
    "description": "Account reactivated by taylerswift",
    "timestamp": "2026-06-24T08:46:06.721Z",
    "ip_address": "127.0.0.1"
  }
},
{
  "model": "admin_dashboard.auditlog",
  "pk": 23,
  "fields": {
    "admin_user": [
      "taylerswift"
    ],
    "target_user": null,
    "action": "deactivate",
    "description": "Account deactivated by taylerswift",
    "timestamp": "2026-06-24T08:46:28.214Z",
    "ip_address": "127.0.0.1"
  }
},
{
  "model": "admin_dashboard.auditlog",
  "pk": 24,
  "fields": {
    "admin_user": [
      "taylerswift"
    ],
    "target_user": null,
    "action": "reactivate",
    "description": "Account reactivated by taylerswift",
    "timestamp": "2026-06-24T08:49:26.791Z",
    "ip_address": "127.0.0.1"
  }
},
{
  "model": "admin_dashboard.auditlog",
  "pk": 25,
  "fields": {
    "admin_user": [
      "taylerswift"
    ],
    "target_user": null,
    "action": "deactivate",
    "description": "Account deactivated by taylerswift",
    "timestamp": "2026-06-24T08:49:49.417Z",
    "ip_address": "127.0.0.1"
  }
},
{
  "model": "admin_dashboard.auditlog",
  "pk": 26,
  "fields": {
    "admin_user": [
      "taylerswift"
    ],
    "target_user": null,
    "action": "reactivate",
    "description": "Account reactivated by taylerswift",
    "timestamp": "2026-06-24T08:54:08.926Z",
    "ip_address": "127.0.0.1"
  }
},
{
  "model": "admin_dashboard.auditlog",
  "pk": 27,
  "fields": {
    "admin_user": [
      "taylerswift"
    ],
    "target_user": null,
    "action": "deactivate",
    "description": "Account deactivated by taylerswift",
    "timestamp": "2026-06-24T08:55:02.787Z",
    "ip_address": "127.0.0.1"
  }
},
{
  "model": "admin_dashboard.auditlog",
  "pk": 28,
  "fields": {
    "admin_user": [
      "taylerswift"
    ],
    "target_user": null,
    "action": "reactivate",
    "description": "Account reactivated by taylerswift",
    "timestamp": "2026-06-24T08:55:38.482Z",
    "ip_address": "127.0.0.1"
  }
},
{
  "model": "admin_dashboard.auditlog",
  "pk": 29,
  "fields": {
    "admin_user": [
      "taylerswift"
    ],
    "target_user": null,
    "action": "delete",
    "description": "User account permanently deleted. Username: taqdeesgolandaz, Email: taqdisgolandaz@gmail.com",
    "timestamp": "2026-06-24T08:56:25.414Z",
    "ip_address": "127.0.0.1"
  }
},
{
  "model": "admin_dashboard.auditlog",
  "pk": 30,
  "fields": {
    "admin_user": [
      "taylerswift"
    ],
    "target_user": null,
    "action": "recreate",
    "description": "Recreated from audit 29",
    "timestamp": "2026-06-24T08:58:43.650Z",
    "ip_address": "127.0.0.1"
  }
},
{
  "model": "admin_dashboard.auditlog",
  "pk": 31,
  "fields": {
    "admin_user": [
      "taylerswift"
    ],
    "target_user": null,
    "action": "delete",
    "description": "User account permanently deleted. Username: taqdeesgolandaz, Email: taqdisgolandaz@gmail.com",
    "timestamp": "2026-06-24T08:59:37.976Z",
    "ip_address": "127.0.0.1"
  }
},
{
  "model": "admin_dashboard.auditlog",
  "pk": 32,
  "fields": {
    "admin_user": [
      "taylerswift"
    ],
    "target_user": null,
    "action": "recreate",
    "description": "Recreated from audit 31",
    "timestamp": "2026-06-24T09:02:32.871Z",
    "ip_address": "127.0.0.1"
  }
},
{
  "model": "admin_dashboard.auditlog",
  "pk": 33,
  "fields": {
    "admin_user": [
      "taylerswift"
    ],
    "target_user": null,
    "action": "delete",
    "description": "User account permanently deleted. Username: taqdeesgolandaz, Email: taqdisgolandaz@gmail.com",
    "timestamp": "2026-06-24T09:03:28.097Z",
    "ip_address": "127.0.0.1"
  }
},
{
  "model": "admin_dashboard.auditlog",
  "pk": 34,
  "fields": {
    "admin_user": [
      "taylerswift"
    ],
    "target_user": null,
    "action": "recreate",
    "description": "Recreated from audit 33",
    "timestamp": "2026-06-24T09:04:19.273Z",
    "ip_address": "127.0.0.1"
  }
},
{
  "model": "admin_dashboard.auditlog",
  "pk": 35,
  "fields": {
    "admin_user": [
      "taylerswift"
    ],
    "target_user": null,
    "action": "delete",
    "description": "User account permanently deleted. Username: taqdeesgolandaz, Email: taqdisgolandaz@gmail.com",
    "timestamp": "2026-06-24T09:08:20.893Z",
    "ip_address": "127.0.0.1"
  }
},
{
  "model": "admin_dashboard.auditlog",
  "pk": 36,
  "fields": {
    "admin_user": [
      "taylerswift"
    ],
    "target_user": null,
    "action": "recreate",
    "description": "Recreated from audit 35",
    "timestamp": "2026-06-24T09:08:43.160Z",
    "ip_address": "127.0.0.1"
  }
},
{
  "model": "admin_dashboard.auditlog",
  "pk": 37,
  "fields": {
    "admin_user": [
      "taylerswift"
    ],
    "target_user": null,
    "action": "delete",
    "description": "User account permanently deleted. Username: taqdeesgolandaz, Email: taqdisgolandaz@gmail.com",
    "timestamp": "2026-06-24T09:11:46.088Z",
    "ip_address": "127.0.0.1"
  }
},
{
  "model": "admin_dashboard.auditlog",
  "pk": 38,
  "fields": {
    "admin_user": [
      "taylerswift"
    ],
    "target_user": null,
    "action": "recreate",
    "description": "Recreated from audit 37",
    "timestamp": "2026-06-24T09:12:18.491Z",
    "ip_address": "127.0.0.1"
  }
},
{
  "model": "admin_dashboard.auditlog",
  "pk": 39,
  "fields": {
    "admin_user": [
      "taylerswift"
    ],
    "target_user": null,
    "action": "delete",
    "description": "User account permanently deleted. Username: taqdeesgolandaz, Email: taqdisgolandaz@gmail.com",
    "timestamp": "2026-06-24T09:14:40.486Z",
    "ip_address": "127.0.0.1"
  }
},
{
  "model": "admin_dashboard.auditlog",
  "pk": 40,
  "fields": {
    "admin_user": [
      "taylerswift"
    ],
    "target_user": null,
    "action": "recreate",
    "description": "Recreated from audit 39",
    "timestamp": "2026-06-24T09:16:43.254Z",
    "ip_address": "127.0.0.1"
  }
},
{
  "model": "admin_dashboard.auditlog",
  "pk": 41,
  "fields": {
    "admin_user": [
      "taylerswift"
    ],
    "target_user": null,
    "action": "delete",
    "description": "User account permanently deleted. Username: taqdeesgolandaz, Email: taqdisgolandaz@gmail.com",
    "timestamp": "2026-06-24T09:17:15.405Z",
    "ip_address": "127.0.0.1"
  }
},
{
  "model": "admin_dashboard.auditlog",
  "pk": 42,
  "fields": {
    "admin_user": [
      "taylerswift"
    ],
    "target_user": null,
    "action": "recreate",
    "description": "Recreated from audit 41",
    "timestamp": "2026-06-24T09:20:05.088Z",
    "ip_address": "127.0.0.1"
  }
},
{
  "model": "admin_dashboard.auditlog",
  "pk": 43,
  "fields": {
    "admin_user": [
      "taylerswift"
    ],
    "target_user": null,
    "action": "delete",
    "description": "User account permanently deleted. Username: taqdeesgolandaz, Email: taqdisgolandaz@gmail.com",
    "timestamp": "2026-06-24T09:20:31.323Z",
    "ip_address": "127.0.0.1"
  }
},
{
  "model": "admin_dashboard.auditlog",
  "pk": 44,
  "fields": {
    "admin_user": [
      "taylerswift"
    ],
    "target_user": null,
    "action": "recreate",
    "description": "Recreated from audit 43",
    "timestamp": "2026-06-24T09:22:09.083Z",
    "ip_address": "127.0.0.1"
  }
},
{
  "model": "admin_dashboard.auditlog",
  "pk": 45,
  "fields": {
    "admin_user": [
      "taylerswift"
    ],
    "target_user": null,
    "action": "delete",
    "description": "User account permanently deleted. Username: taqdeesgolandaz, Email: taqdisgolandaz@gmail.com",
    "timestamp": "2026-06-24T09:22:39.690Z",
    "ip_address": "127.0.0.1"
  }
},
{
  "model": "admin_dashboard.auditlog",
  "pk": 46,
  "fields": {
    "admin_user": [
      "taylerswift"
    ],
    "target_user": null,
    "action": "recreate",
    "description": "Recreated from audit 45",
    "timestamp": "2026-06-24T09:26:15.971Z",
    "ip_address": "127.0.0.1"
  }
},
{
  "model": "admin_dashboard.auditlog",
  "pk": 47,
  "fields": {
    "admin_user": [
      "taylerswift"
    ],
    "target_user": null,
    "action": "delete",
    "description": "User account permanently deleted. Username: taqdeesgolandaz, Email: taqdisgolandaz@gmail.com",
    "timestamp": "2026-06-24T09:26:33.156Z",
    "ip_address": "127.0.0.1"
  }
},
{
  "model": "admin_dashboard.auditlog",
  "pk": 48,
  "fields": {
    "admin_user": [
      "taylerswift"
    ],
    "target_user": null,
    "action": "recreate",
    "description": "Recreated from audit 47",
    "timestamp": "2026-06-24T09:45:06.082Z",
    "ip_address": "127.0.0.1"
  }
},
{
  "model": "admin_dashboard.auditlog",
  "pk": 49,
  "fields": {
    "admin_user": [
      "taylerswift"
    ],
    "target_user": null,
    "action": "delete",
    "description": "User account permanently deleted. Username: taqdeesgolandaz, Email: taqdisgolandaz@gmail.com",
    "timestamp": "2026-06-24T09:45:34.797Z",
    "ip_address": "127.0.0.1"
  }
},
{
  "model": "admin_dashboard.auditlog",
  "pk": 50,
  "fields": {
    "admin_user": [
      "taylerswift"
    ],
    "target_user": null,
    "action": "recreate",
    "description": "Recreated from audit 49",
    "timestamp": "2026-06-24T09:47:01.496Z",
    "ip_address": "127.0.0.1"
  }
},
{
  "model": "admin_dashboard.auditlog",
  "pk": 51,
  "fields": {
    "admin_user": [
      "taylerswift"
    ],
    "target_user": null,
    "action": "delete",
    "description": "User account permanently deleted. Username: taqdeesgolandaz, Email: taqdisgolandaz@gmail.com",
    "timestamp": "2026-06-24T09:55:07.337Z",
    "ip_address": "127.0.0.1"
  }
},
{
  "model": "admin_dashboard.auditlog",
  "pk": 52,
  "fields": {
    "admin_user": [
      "taylerswift"
    ],
    "target_user": [
      "taqdeesgolandaz"
    ],
    "action": "recreate",
    "description": "Recreated from audit 51",
    "timestamp": "2026-06-24T09:55:39.205Z",
    "ip_address": "127.0.0.1"
  }
},
{
  "model": "admin_dashboard.auditlog",
  "pk": 53,
  "fields": {
    "admin_user": [
      "taylerswift"
    ],
    "target_user": [
      "taqdeesgolandaz"
    ],
    "action": "deactivate",
    "description": "Account deactivated by taylerswift",
    "timestamp": "2026-06-24T09:56:22.028Z",
    "ip_address": "127.0.0.1"
  }
},
{
  "model": "admin_dashboard.auditlog",
  "pk": 54,
  "fields": {
    "admin_user": [
      "taylerswift"
    ],
    "target_user": [
      "taqdeesgolandaz"
    ],
    "action": "reactivate",
    "description": "Account reactivated by taylerswift",
    "timestamp": "2026-06-24T09:56:44.610Z",
    "ip_address": "127.0.0.1"
  }
},
{
  "model": "admin_dashboard.auditlog",
  "pk": 55,
  "fields": {
    "admin_user": [
      "taylerswift"
    ],
    "target_user": [
      "taqdeesgolandaz"
    ],
    "action": "deactivate",
    "description": "Account deactivated by taylerswift",
    "timestamp": "2026-06-24T10:18:58.220Z",
    "ip_address": "127.0.0.1"
  }
},
{
  "model": "admin_dashboard.auditlog",
  "pk": 56,
  "fields": {
    "admin_user": [
      "taylerswift"
    ],
    "target_user": [
      "taqdeesgolandaz"
    ],
    "action": "reactivate",
    "description": "Account reactivated by taylerswift",
    "timestamp": "2026-06-24T10:19:33.284Z",
    "ip_address": "127.0.0.1"
  }
},
{
  "model": "admin_dashboard.auditlog",
  "pk": 57,
  "fields": {
    "admin_user": [
      "taylerswift"
    ],
    "target_user": [
      "taqdeesgolandaz"
    ],
    "action": "deactivate",
    "description": "Account deactivated by taylerswift",
    "timestamp": "2026-06-25T04:34:58.587Z",
    "ip_address": "127.0.0.1"
  }
},
{
  "model": "admin_dashboard.auditlog",
  "pk": 58,
  "fields": {
    "admin_user": [
      "taylerswift"
    ],
    "target_user": [
      "taqdeesgolandaz"
    ],
    "action": "reactivate",
    "description": "Account reactivated by taylerswift",
    "timestamp": "2026-06-25T04:35:32.355Z",
    "ip_address": "127.0.0.1"
  }
},
{
  "model": "achievements.userprogress",
  "pk": 2,
  "fields": {
    "user": [
      "taylerswift"
    ],
    "total_workouts": 0,
    "current_streak": 0,
    "longest_streak": 0,
    "total_calories": 0,
    "total_minutes": 0,
    "weight_logged_count": 0,
    "weight_lost_total": 0.0,
    "weight_gained_total": 0.0,
    "membership_days": 0,
    "total_payments": 0,
    "total_spent": "0.00",
    "trainer_sessions": 0,
    "total_points": 0,
    "level": 1,
    "last_updated": "2026-06-16T09:34:48.367Z"
  }
},
{
  "model": "support.supportmessage",
  "pk": 1,
  "fields": {
    "user": null,
    "name": "Taqdees",
    "email": "taqdisgolandaz@gmail.com",
    "phone": "",
    "message_type": "contact",
    "category": "",
    "subject": "no subject",
    "message": "weight gain",
    "problem_type": "",
    "steps_to_reproduce": "",
    "urgency": "",
    "device_info": "",
    "attachment": "",
    "status": "read",
    "admin_notes": "youu",
    "created_at": "2026-06-14T02:33:06.211Z",
    "updated_at": "2026-06-14T04:42:19.552Z",
    "resolved_at": null
  }
},
{
  "model": "support.supportmessage",
  "pk": 6,
  "fields": {
    "user": null,
    "name": "Taqdees",
    "email": "taqdisgolandaz@gmail.com",
    "phone": "",
    "message_type": "report",
    "category": "",
    "subject": "Problem Report: login",
    "message": "fghft",
    "problem_type": "login",
    "steps_to_reproduce": "chrtfh",
    "urgency": "medium",
    "device_info": "tyrt",
    "attachment": "",
    "status": "read",
    "admin_notes": "reygtt",
    "created_at": "2026-06-14T03:17:14.788Z",
    "updated_at": "2026-06-14T05:54:34.319Z",
    "resolved_at": null
  }
},
{
  "model": "support.supportmessage",
  "pk": 7,
  "fields": {
    "user": null,
    "name": "Taqdees",
    "email": "taqdisgolandaz@gmail.com",
    "phone": "",
    "message_type": "report",
    "category": "",
    "subject": "Problem Report: diet",
    "message": "rtgertg",
    "problem_type": "diet",
    "steps_to_reproduce": "stfgret",
    "urgency": "medium",
    "device_info": "tghtr",
    "attachment": "",
    "status": "pending",
    "admin_notes": "",
    "created_at": "2026-06-14T03:22:33.036Z",
    "updated_at": "2026-06-14T03:22:33.036Z",
    "resolved_at": null
  }
},
{
  "model": "support.supportmessage",
  "pk": 8,
  "fields": {
    "user": null,
    "name": "Taqdees",
    "email": "taqdisgolandaz@gmail.com",
    "phone": "",
    "message_type": "contact",
    "category": "",
    "subject": "eryre",
    "message": "erytte",
    "problem_type": "",
    "steps_to_reproduce": "",
    "urgency": "",
    "device_info": "",
    "attachment": "",
    "status": "read",
    "admin_notes": "",
    "created_at": "2026-06-14T03:22:52.151Z",
    "updated_at": "2026-06-14T03:23:57.215Z",
    "resolved_at": null
  }
},
{
  "model": "support.supportmessage",
  "pk": 20,
  "fields": {
    "user": null,
    "name": "Taqdees",
    "email": "taqdisgolandaz@gmail.com",
    "phone": "",
    "message_type": "contact",
    "category": "",
    "subject": "wdwqed",
    "message": "adsawq",
    "problem_type": "",
    "steps_to_reproduce": "",
    "urgency": "",
    "device_info": "",
    "attachment": "",
    "status": "pending",
    "admin_notes": "",
    "created_at": "2026-06-14T04:50:57.834Z",
    "updated_at": "2026-06-14T04:50:57.834Z",
    "resolved_at": null
  }
},
{
  "model": "support.supportmessage",
  "pk": 21,
  "fields": {
    "user": null,
    "name": "banana",
    "email": "taqdisgolandaz@gmail.com",
    "phone": "",
    "message_type": "report",
    "category": "",
    "subject": "Problem Report: bug",
    "message": "qwdqd",
    "problem_type": "bug",
    "steps_to_reproduce": "wdqewd",
    "urgency": "medium",
    "device_info": "wdqewd",
    "attachment": "",
    "status": "read",
    "admin_notes": "",
    "created_at": "2026-06-14T04:51:23.402Z",
    "updated_at": "2026-06-14T04:51:59.571Z",
    "resolved_at": null
  }
},
{
  "model": "support.supportmessage",
  "pk": 22,
  "fields": {
    "user": null,
    "name": "taqdees",
    "email": "taqdeesgolandaz03@gmail.com",
    "phone": "",
    "message_type": "report",
    "category": "",
    "subject": "Problem Report: ui",
    "message": "saf",
    "problem_type": "ui",
    "steps_to_reproduce": "dsfwf",
    "urgency": "medium",
    "device_info": "",
    "attachment": "",
    "status": "pending",
    "admin_notes": "",
    "created_at": "2026-06-14T05:56:40.048Z",
    "updated_at": "2026-06-14T05:56:40.048Z",
    "resolved_at": null
  }
},
{
  "model": "support.supportmessage",
  "pk": 24,
  "fields": {
    "user": null,
    "name": "roy",
    "email": "rahul@gmail.com",
    "phone": "",
    "message_type": "contact",
    "category": "",
    "subject": "erewq",
    "message": "redfewrqrewwqrewq",
    "problem_type": "",
    "steps_to_reproduce": "",
    "urgency": "",
    "device_info": "",
    "attachment": "",
    "status": "pending",
    "admin_notes": "",
    "created_at": "2026-06-15T10:09:06.504Z",
    "updated_at": "2026-06-15T10:09:06.504Z",
    "resolved_at": null
  }
},
{
  "model": "support.supportmessage",
  "pk": 25,
  "fields": {
    "user": null,
    "name": "deepak",
    "email": "rahul@gmail.com",
    "phone": "",
    "message_type": "report",
    "category": "",
    "subject": "Problem Report: ui",
    "message": "estfgwdfgretrtresre5tt54e",
    "problem_type": "ui",
    "steps_to_reproduce": "dsfgesrtfgre",
    "urgency": "medium",
    "device_info": "rfrfgvrre",
    "attachment": "",
    "status": "pending",
    "admin_notes": "",
    "created_at": "2026-06-15T10:10:09.324Z",
    "updated_at": "2026-06-15T10:10:09.324Z",
    "resolved_at": null
  }
},
{
  "model": "support.supportmessage",
  "pk": 27,
  "fields": {
    "user": null,
    "name": "Taqdees golandaz",
    "email": "taqdisgolandaz@gmail.com",
    "phone": "",
    "message_type": "contact",
    "category": "",
    "subject": "rftgerer",
    "message": "eazrgbvdfgv",
    "problem_type": "",
    "steps_to_reproduce": "",
    "urgency": "",
    "device_info": "",
    "attachment": "",
    "status": "read",
    "admin_notes": "",
    "created_at": "2026-06-16T09:43:12.416Z",
    "updated_at": "2026-06-16T10:10:39.132Z",
    "resolved_at": null
  }
},
{
  "model": "support.supportmessage",
  "pk": 28,
  "fields": {
    "user": null,
    "name": "robin",
    "email": "robin@gmail.com",
    "phone": "",
    "message_type": "contact",
    "category": "",
    "subject": "rfdwsa",
    "message": "segfestgferte34r",
    "problem_type": "",
    "steps_to_reproduce": "",
    "urgency": "",
    "device_info": "",
    "attachment": "",
    "status": "read",
    "admin_notes": "",
    "created_at": "2026-06-16T10:19:38.756Z",
    "updated_at": "2026-06-16T10:25:47.918Z",
    "resolved_at": null
  }
},
{
  "model": "support.supportmessage",
  "pk": 30,
  "fields": {
    "user": [
      "sandy123"
    ],
    "name": "Sandeep jaiswal",
    "email": "sandy@gmail.com",
    "phone": "",
    "message_type": "support",
    "category": "account",
    "subject": "erteyrttrsytr",
    "message": "seytrytry6yhvcgfwertfewtrtyrtytrt",
    "problem_type": "",
    "steps_to_reproduce": "",
    "urgency": "",
    "device_info": "",
    "attachment": "",
    "status": "pending",
    "admin_notes": "",
    "created_at": "2026-06-16T12:11:29.423Z",
    "updated_at": "2026-06-16T12:11:29.423Z",
    "resolved_at": null
  }
},
{
  "model": "support.supportmessage",
  "pk": 31,
  "fields": {
    "user": [
      "sandy123"
    ],
    "name": "Sandeep jaiswal",
    "email": "sandy@gmail.com",
    "phone": "",
    "message_type": "contact",
    "category": "",
    "subject": "rtuyh6tutyuj",
    "message": "zrtg5uy 67i8oipo9p09887o",
    "problem_type": "",
    "steps_to_reproduce": "",
    "urgency": "",
    "device_info": "",
    "attachment": "",
    "status": "pending",
    "admin_notes": "",
    "created_at": "2026-06-16T12:11:55.932Z",
    "updated_at": "2026-06-16T12:11:55.932Z",
    "resolved_at": null
  }
},
{
  "model": "support.supportmessage",
  "pk": 32,
  "fields": {
    "user": [
      "sandy123"
    ],
    "name": "Sandeep jaiswal",
    "email": "sandy@gmail.com",
    "phone": "",
    "message_type": "contact",
    "category": "",
    "subject": "rtuyhtt6uy",
    "message": "a4trerygffghrtfyhrtyhrtrt",
    "problem_type": "",
    "steps_to_reproduce": "",
    "urgency": "",
    "device_info": "",
    "attachment": "",
    "status": "pending",
    "admin_notes": "",
    "created_at": "2026-06-16T12:13:28.741Z",
    "updated_at": "2026-06-16T12:13:28.741Z",
    "resolved_at": null
  }
},
{
  "model": "support.supportmessage",
  "pk": 33,
  "fields": {
    "user": [
      "sandy123"
    ],
    "name": "Sandeep jaiswal",
    "email": "sandy@gmail.com",
    "phone": "",
    "message_type": "contact",
    "category": "",
    "subject": "ertgreyhbtr",
    "message": "wstgeferytryt5y454e5",
    "problem_type": "",
    "steps_to_reproduce": "",
    "urgency": "",
    "device_info": "",
    "attachment": "",
    "status": "pending",
    "admin_notes": "",
    "created_at": "2026-06-16T12:14:09.019Z",
    "updated_at": "2026-06-16T12:14:09.019Z",
    "resolved_at": null
  }
},
{
  "model": "support.supportmessage",
  "pk": 34,
  "fields": {
    "user": [
      "sandy123"
    ],
    "name": "Sandeep jaiswal",
    "email": "sandy@gmail.com",
    "phone": "",
    "message_type": "contact",
    "category": "",
    "subject": "fdhgtrfhrtd",
    "message": "zfdgdygtrrtygrtyrtyhu",
    "problem_type": "",
    "steps_to_reproduce": "",
    "urgency": "",
    "device_info": "",
    "attachment": "",
    "status": "pending",
    "admin_notes": "",
    "created_at": "2026-06-16T12:15:30.874Z",
    "updated_at": "2026-06-16T12:15:30.874Z",
    "resolved_at": null
  }
},
{
  "model": "support.supportmessage",
  "pk": 35,
  "fields": {
    "user": [
      "sandy123"
    ],
    "name": "Sandeep jaiswal",
    "email": "sandy@gmail.com",
    "phone": "",
    "message_type": "contact",
    "category": "",
    "subject": "hgdyhfcjhg",
    "message": "uttrouyfgpiuhgoijh",
    "problem_type": "",
    "steps_to_reproduce": "",
    "urgency": "",
    "device_info": "",
    "attachment": "",
    "status": "pending",
    "admin_notes": "",
    "created_at": "2026-06-16T12:17:30.251Z",
    "updated_at": "2026-06-16T12:17:30.251Z",
    "resolved_at": null
  }
},
{
  "model": "support.supportmessage",
  "pk": 36,
  "fields": {
    "user": [
      "sandy123"
    ],
    "name": "Sandeep jaiswal",
    "email": "sandy@gmail.com",
    "phone": "",
    "message_type": "contact",
    "category": "",
    "subject": "fdhfdhfghfg",
    "message": "fghfhrtrtuyh",
    "problem_type": "",
    "steps_to_reproduce": "",
    "urgency": "",
    "device_info": "",
    "attachment": "",
    "status": "read",
    "admin_notes": "",
    "created_at": "2026-06-16T12:23:29.264Z",
    "updated_at": "2026-06-16T12:39:24.681Z",
    "resolved_at": null
  }
},
{
  "model": "support.supportmessage",
  "pk": 37,
  "fields": {
    "user": null,
    "name": "Taqdees golandaz",
    "email": "taqdisgolandaz@gmail.com",
    "phone": "",
    "message_type": "contact",
    "category": "",
    "subject": "yhrtyhr",
    "message": "ertrtyjnytreeytyt",
    "problem_type": "",
    "steps_to_reproduce": "",
    "urgency": "",
    "device_info": "",
    "attachment": "",
    "status": "pending",
    "admin_notes": "",
    "created_at": "2026-06-16T13:10:19.808Z",
    "updated_at": "2026-06-16T13:10:19.808Z",
    "resolved_at": null
  }
},
{
  "model": "support.supportmessage",
  "pk": 38,
  "fields": {
    "user": null,
    "name": "Taqdees golandaz",
    "email": "taqdisgolandaz@gmail.com",
    "phone": "",
    "message_type": "contact",
    "category": "",
    "subject": "dfhtfdjhfgrt",
    "message": "edrtguertuyt",
    "problem_type": "",
    "steps_to_reproduce": "",
    "urgency": "",
    "device_info": "",
    "attachment": "",
    "status": "pending",
    "admin_notes": "",
    "created_at": "2026-06-16T13:12:21.245Z",
    "updated_at": "2026-06-16T13:12:21.246Z",
    "resolved_at": null
  }
},
{
  "model": "support.supportmessage",
  "pk": 39,
  "fields": {
    "user": null,
    "name": "Taqdees golandaz",
    "email": "taqdisgolandaz@gmail.com",
    "phone": "",
    "message_type": "contact",
    "category": "",
    "subject": "nooo subject",
    "message": "wteryttuyrttrdhb",
    "problem_type": "",
    "steps_to_reproduce": "",
    "urgency": "",
    "device_info": "",
    "attachment": "",
    "status": "pending",
    "admin_notes": "",
    "created_at": "2026-06-16T13:16:10.408Z",
    "updated_at": "2026-06-16T13:16:10.408Z",
    "resolved_at": null
  }
},
{
  "model": "support.supportmessage",
  "pk": 40,
  "fields": {
    "user": null,
    "name": "Taqdees golandaz",
    "email": "taqdisgolandaz@gmail.com",
    "phone": "",
    "message_type": "contact",
    "category": "",
    "subject": "Jsjjsj",
    "message": "Jsjjsjsjkksksjsj",
    "problem_type": "",
    "steps_to_reproduce": "",
    "urgency": "",
    "device_info": "",
    "attachment": "",
    "status": "pending",
    "admin_notes": "",
    "created_at": "2026-06-16T13:18:43.178Z",
    "updated_at": "2026-06-16T13:18:43.178Z",
    "resolved_at": null
  }
},
{
  "model": "support.supportmessage",
  "pk": 41,
  "fields": {
    "user": null,
    "name": "Taqdees golandaz",
    "email": "taqdisgolandaz@gmail.com",
    "phone": "",
    "message_type": "contact",
    "category": "",
    "subject": "Wkwkwkkwk",
    "message": "Kkwkkkkkskekkekeeeeeekkkjjsjj",
    "problem_type": "",
    "steps_to_reproduce": "",
    "urgency": "",
    "device_info": "",
    "attachment": "",
    "status": "pending",
    "admin_notes": "",
    "created_at": "2026-06-16T13:19:03.951Z",
    "updated_at": "2026-06-16T13:19:03.951Z",
    "resolved_at": null
  }
},
{
  "model": "support.supportmessage",
  "pk": 42,
  "fields": {
    "user": null,
    "name": "Taqdees golandaz",
    "email": "taqdisgolandaz@gmail.com",
    "phone": "",
    "message_type": "report",
    "category": "",
    "subject": "Problem Report: diet",
    "message": "Iieieijejkejejhsjsjjld",
    "problem_type": "diet",
    "steps_to_reproduce": "Sksksnsjjskskksksk",
    "urgency": "high",
    "device_info": "Msmsksks",
    "attachment": "",
    "status": "pending",
    "admin_notes": "",
    "created_at": "2026-06-16T13:20:05.360Z",
    "updated_at": "2026-06-16T13:20:05.360Z",
    "resolved_at": null
  }
},
{
  "model": "support.supportmessage",
  "pk": 43,
  "fields": {
    "user": null,
    "name": "Taqdees golandaz",
    "email": "taqdisgolandaz@gmail.com",
    "phone": "",
    "message_type": "contact",
    "category": "",
    "subject": "3ejejejjejdhm",
    "message": "Nndjdhejejksji",
    "problem_type": "",
    "steps_to_reproduce": "",
    "urgency": "",
    "device_info": "",
    "attachment": "",
    "status": "pending",
    "admin_notes": "",
    "created_at": "2026-06-16T13:23:04.824Z",
    "updated_at": "2026-06-16T13:23:04.824Z",
    "resolved_at": null
  }
},
{
  "model": "support.supportmessage",
  "pk": 44,
  "fields": {
    "user": null,
    "name": "Taqdees golandaz",
    "email": "taqdisgolandaz@gmail.com",
    "phone": "",
    "message_type": "contact",
    "category": "",
    "subject": "Fewrtgre",
    "message": "saetfgvreyhrtu7ttyty",
    "problem_type": "",
    "steps_to_reproduce": "",
    "urgency": "",
    "device_info": "",
    "attachment": "",
    "status": "pending",
    "admin_notes": "",
    "created_at": "2026-06-16T13:25:12.693Z",
    "updated_at": "2026-06-16T13:25:12.693Z",
    "resolved_at": null
  }
},
{
  "model": "support.supportmessage",
  "pk": 45,
  "fields": {
    "user": null,
    "name": "Sandeep jaiswal",
    "email": "taqdisgolandaz@gmail.com",
    "phone": "",
    "message_type": "contact",
    "category": "",
    "subject": "ryryrty",
    "message": "srtdtstfgrtfg",
    "problem_type": "",
    "steps_to_reproduce": "",
    "urgency": "",
    "device_info": "",
    "attachment": "",
    "status": "pending",
    "admin_notes": "",
    "created_at": "2026-06-16T13:27:24.597Z",
    "updated_at": "2026-06-16T13:27:24.597Z",
    "resolved_at": null
  }
},
{
  "model": "support.supportmessage",
  "pk": 46,
  "fields": {
    "user": null,
    "name": "banana",
    "email": "librarian@example.com",
    "phone": "",
    "message_type": "report",
    "category": "",
    "subject": "Problem Report: ui",
    "message": "gjhtgrdsesrgeryg",
    "problem_type": "ui",
    "steps_to_reproduce": "srte4t4ey545654yyretg",
    "urgency": "high",
    "device_info": "thgrtyh4554",
    "attachment": "",
    "status": "pending",
    "admin_notes": "",
    "created_at": "2026-06-16T13:29:01.638Z",
    "updated_at": "2026-06-16T13:29:01.638Z",
    "resolved_at": null
  }
},
{
  "model": "support.supportmessage",
  "pk": 47,
  "fields": {
    "user": null,
    "name": "orange ",
    "email": "rahul@gmail.com",
    "phone": "",
    "message_type": "report",
    "category": "",
    "subject": "Problem Report: trainer",
    "message": "ertg4ewrrtfr5tgretg",
    "problem_type": "trainer",
    "steps_to_reproduce": "ertgertgerftgrfdgb",
    "urgency": "medium",
    "device_info": "",
    "attachment": "",
    "status": "pending",
    "admin_notes": "",
    "created_at": "2026-06-16T13:29:46.253Z",
    "updated_at": "2026-06-16T13:29:46.253Z",
    "resolved_at": null
  }
},
{
  "model": "support.supportmessage",
  "pk": 48,
  "fields": {
    "user": null,
    "name": "Taqdees golandaz",
    "email": "taqdisgolandaz@gmail.com",
    "phone": "",
    "message_type": "report",
    "category": "",
    "subject": "Problem Report: login",
    "message": "Hshhenenmnjmebevb",
    "problem_type": "login",
    "steps_to_reproduce": "Jueueuie8eijejdmdgh",
    "urgency": "high",
    "device_info": "Nznnznn",
    "attachment": "",
    "status": "pending",
    "admin_notes": "",
    "created_at": "2026-06-16T13:31:45.111Z",
    "updated_at": "2026-06-16T13:31:45.111Z",
    "resolved_at": null
  }
},
{
  "model": "support.supportmessage",
  "pk": 49,
  "fields": {
    "user": null,
    "name": "Taqdees golandaz",
    "email": "taqdisgolandaz@gmail.com",
    "phone": "",
    "message_type": "contact",
    "category": "",
    "subject": "Is kjjdjdjid",
    "message": "Nxkdkdkkdkdkdk",
    "problem_type": "",
    "steps_to_reproduce": "",
    "urgency": "",
    "device_info": "",
    "attachment": "",
    "status": "replied",
    "admin_notes": "rtgetrghxfds",
    "created_at": "2026-06-16T13:34:10.287Z",
    "updated_at": "2026-06-17T09:25:50.142Z",
    "resolved_at": null
  }
},
{
  "model": "admin.logentry",
  "pk": 1,
  "fields": {
    "action_time": "2026-06-01T12:40:53.841Z",
    "user": [
      "taylerswift"
    ],
    "content_type": [
      "membership",
      "membershipplan"
    ],
    "object_id": "1",
    "object_repr": "Basic - monthly (₹999)",
    "action_flag": 1,
    "change_message": "[{\"added\": {}}]"
  }
},
{
  "model": "admin.logentry",
  "pk": 2,
  "fields": {
    "action_time": "2026-06-01T12:41:52.234Z",
    "user": [
      "taylerswift"
    ],
    "content_type": [
      "membership",
      "membershipplan"
    ],
    "object_id": "2",
    "object_repr": "Pro - monthly (₹1999)",
    "action_flag": 1,
    "change_message": "[{\"added\": {}}]"
  }
},
{
  "model": "admin.logentry",
  "pk": 3,
  "fields": {
    "action_time": "2026-06-01T12:43:13.134Z",
    "user": [
      "taylerswift"
    ],
    "content_type": [
      "membership",
      "membershipplan"
    ],
    "object_id": "3",
    "object_repr": "Premium - monthly (₹2999)",
    "action_flag": 1,
    "change_message": "[{\"added\": {}}]"
  }
},
{
  "model": "admin.logentry",
  "pk": 4,
  "fields": {
    "action_time": "2026-06-01T12:49:56.834Z",
    "user": [
      "taylerswift"
    ],
    "content_type": [
      "membership",
      "membershipplan"
    ],
    "object_id": "1",
    "object_repr": "Basic - monthly (₹999.00)",
    "action_flag": 3,
    "change_message": ""
  }
},
{
  "model": "admin.logentry",
  "pk": 5,
  "fields": {
    "action_time": "2026-06-01T12:50:05.442Z",
    "user": [
      "taylerswift"
    ],
    "content_type": [
      "membership",
      "membershipplan"
    ],
    "object_id": "2",
    "object_repr": "Pro - monthly (₹1999.00)",
    "action_flag": 3,
    "change_message": ""
  }
},
{
  "model": "admin.logentry",
  "pk": 6,
  "fields": {
    "action_time": "2026-06-01T12:50:11.257Z",
    "user": [
      "taylerswift"
    ],
    "content_type": [
      "membership",
      "membershipplan"
    ],
    "object_id": "3",
    "object_repr": "Premium - monthly (₹2999.00)",
    "action_flag": 3,
    "change_message": ""
  }
},
{
  "model": "admin.logentry",
  "pk": 7,
  "fields": {
    "action_time": "2026-06-01T13:27:15.938Z",
    "user": [
      "taylerswift"
    ],
    "content_type": [
      "payments",
      "bankaccount"
    ],
    "object_id": "1",
    "object_repr": "HDFC Bank - 9012",
    "action_flag": 1,
    "change_message": "[{\"added\": {}}]"
  }
},
{
  "model": "admin.logentry",
  "pk": 8,
  "fields": {
    "action_time": "2026-06-20T23:17:15.824Z",
    "user": [
      "taylerswift"
    ],
    "content_type": [
      "membership",
      "membershipplan"
    ],
    "object_id": "4",
    "object_repr": "Basic Plan - monthly (₹2.00)",
    "action_flag": 2,
    "change_message": "[{\"changed\": {\"fields\": [\"Price\"]}}]"
  }
},
{
  "model": "admin.logentry",
  "pk": 9,
  "fields": {
    "action_time": "2026-06-21T05:08:38.675Z",
    "user": [
      "taylerswift"
    ],
    "content_type": [
      "membership",
      "membershipplan"
    ],
    "object_id": "4",
    "object_repr": "Basic Plan - monthly (₹1.00)",
    "action_flag": 2,
    "change_message": "[{\"changed\": {\"fields\": [\"Price\"]}}]"
  }
},
{
  "model": "admin.logentry",
  "pk": 10,
  "fields": {
    "action_time": "2026-06-21T05:08:38.678Z",
    "user": [
      "taylerswift"
    ],
    "content_type": [
      "membership",
      "membershipplan"
    ],
    "object_id": "5",
    "object_repr": "Pro Plan - monthly (₹2.00)",
    "action_flag": 2,
    "change_message": "[{\"changed\": {\"fields\": [\"Price\"]}}]"
  }
},
{
  "model": "admin.logentry",
  "pk": 11,
  "fields": {
    "action_time": "2026-06-21T05:08:38.680Z",
    "user": [
      "taylerswift"
    ],
    "content_type": [
      "membership",
      "membershipplan"
    ],
    "object_id": "6",
    "object_repr": "Premium Plan - monthly (₹3.00)",
    "action_flag": 2,
    "change_message": "[{\"changed\": {\"fields\": [\"Price\"]}}]"
  }
},
{
  "model": "admin.logentry",
  "pk": 12,
  "fields": {
    "action_time": "2026-06-22T00:55:40.617Z",
    "user": [
      "taylerswift"
    ],
    "content_type": [
      "workouts",
      "exercise"
    ],
    "object_id": "14",
    "object_repr": "Muscle-Ups",
    "action_flag": 2,
    "change_message": "[{\"changed\": {\"fields\": [\"Video url\"]}}]"
  }
},
{
  "model": "admin.logentry",
  "pk": 13,
  "fields": {
    "action_time": "2026-06-22T00:56:38.544Z",
    "user": [
      "taylerswift"
    ],
    "content_type": [
      "workouts",
      "exercise"
    ],
    "object_id": "14",
    "object_repr": "Muscle-Ups",
    "action_flag": 2,
    "change_message": "[{\"changed\": {\"fields\": [\"Video url\"]}}]"
  }
},
{
  "model": "admin.logentry",
  "pk": 14,
  "fields": {
    "action_time": "2026-06-22T06:05:44.968Z",
    "user": [
      "taylerswift"
    ],
    "content_type": [
      "trainers",
      "trainer"
    ],
    "object_id": "6",
    "object_repr": "Priya Patel - Weight Loss",
    "action_flag": 2,
    "change_message": "[{\"changed\": {\"fields\": [\"Monthly rate\"]}}]"
  }
},
{
  "model": "admin.logentry",
  "pk": 15,
  "fields": {
    "action_time": "2026-06-22T06:05:44.973Z",
    "user": [
      "taylerswift"
    ],
    "content_type": [
      "trainers",
      "trainer"
    ],
    "object_id": "5",
    "object_repr": "Rajesh Sharma - Strength Training",
    "action_flag": 2,
    "change_message": "[{\"changed\": {\"fields\": [\"Monthly rate\"]}}]"
  }
},
{
  "model": "admin.logentry",
  "pk": 16,
  "fields": {
    "action_time": "2026-06-22T06:05:44.976Z",
    "user": [
      "taylerswift"
    ],
    "content_type": [
      "trainers",
      "trainer"
    ],
    "object_id": "10",
    "object_repr": "Neha Gupta - Nutrition",
    "action_flag": 2,
    "change_message": "[{\"changed\": {\"fields\": [\"Monthly rate\"]}}]"
  }
},
{
  "model": "admin.logentry",
  "pk": 17,
  "fields": {
    "action_time": "2026-06-22T06:05:44.978Z",
    "user": [
      "taylerswift"
    ],
    "content_type": [
      "trainers",
      "trainer"
    ],
    "object_id": "9",
    "object_repr": "Sanjay Mehta - Cardio",
    "action_flag": 2,
    "change_message": "[{\"changed\": {\"fields\": [\"Monthly rate\"]}}]"
  }
},
{
  "model": "admin.logentry",
  "pk": 18,
  "fields": {
    "action_time": "2026-06-22T06:05:44.980Z",
    "user": [
      "taylerswift"
    ],
    "content_type": [
      "trainers",
      "trainer"
    ],
    "object_id": "8",
    "object_repr": "Anjali Desai - Yoga",
    "action_flag": 2,
    "change_message": "[{\"changed\": {\"fields\": [\"Monthly rate\"]}}]"
  }
},
{
  "model": "admin.logentry",
  "pk": 19,
  "fields": {
    "action_time": "2026-06-22T06:05:44.982Z",
    "user": [
      "taylerswift"
    ],
    "content_type": [
      "trainers",
      "trainer"
    ],
    "object_id": "7",
    "object_repr": "Vikram Singh - Muscle Gain",
    "action_flag": 2,
    "change_message": "[{\"changed\": {\"fields\": [\"Monthly rate\"]}}]"
  }
},
{
  "model": "admin.logentry",
  "pk": 20,
  "fields": {
    "action_time": "2026-06-22T06:19:18.374Z",
    "user": [
      "taylerswift"
    ],
    "content_type": [
      "trainers",
      "trainer"
    ],
    "object_id": "11",
    "object_repr": "Sydney Sweeny - Yoga",
    "action_flag": 2,
    "change_message": "[{\"changed\": {\"fields\": [\"Profile picture\", \"Monthly rate\", \"Availability\"]}}]"
  }
},
{
  "model": "admin.logentry",
  "pk": 21,
  "fields": {
    "action_time": "2026-06-22T06:22:42.496Z",
    "user": [
      "taylerswift"
    ],
    "content_type": [
      "trainers",
      "trainer"
    ],
    "object_id": "11",
    "object_repr": "Sydney Sweeny - Yoga",
    "action_flag": 2,
    "change_message": "[{\"changed\": {\"fields\": [\"Profile picture\", \"Availability\"]}}]"
  }
},
{
  "model": "admin.logentry",
  "pk": 22,
  "fields": {
    "action_time": "2026-06-22T06:24:34.824Z",
    "user": [
      "taylerswift"
    ],
    "content_type": [
      "trainers",
      "trainer"
    ],
    "object_id": "11",
    "object_repr": "Sydney Sweeny - Yoga",
    "action_flag": 2,
    "change_message": "[{\"changed\": {\"fields\": [\"Profile picture\"]}}]"
  }
},
{
  "model": "admin.logentry",
  "pk": 23,
  "fields": {
    "action_time": "2026-06-22T06:39:22.009Z",
    "user": [
      "taylerswift"
    ],
    "content_type": [
      "trainers",
      "trainer"
    ],
    "object_id": "11",
    "object_repr": "Sydney Sweeny - Yoga",
    "action_flag": 2,
    "change_message": "[{\"changed\": {\"fields\": [\"Position\"]}}]"
  }
},
{
  "model": "admin.logentry",
  "pk": 24,
  "fields": {
    "action_time": "2026-06-22T06:39:22.013Z",
    "user": [
      "taylerswift"
    ],
    "content_type": [
      "trainers",
      "trainer"
    ],
    "object_id": "7",
    "object_repr": "Vikram Singh - Muscle Gain",
    "action_flag": 2,
    "change_message": "[{\"changed\": {\"fields\": [\"Position\"]}}]"
  }
}
]
